Tm,Season,Player,Points,ATOI,+/-
ANA,2018,Rickard Rakell,3435.0,0.0,6.0
ANA,2018,Ondřej Kaše,2018.0,0.0,18.0
ANA,2018,Adam Henrique,2016.0,0.0,17.0
ANA,2018,Corey Perry,1732.0,0.0,-4.0
ANA,2018,Jakob Silfverberg,1723.0,0.0,6.0
ANA,2019,Jakob Silfverberg,2419.0,0.0,-9.0
ANA,2019,Rickard Rakell,1825.0,0.0,-13.0
ANA,2019,Adam Henrique,1824.0,0.0,-5.0
ANA,2019,Ryan Getzlaf,1434.0,0.0,-19.0
ANA,2019,Nick Ritchie,922.0,0.0,6.0
ANA,2020,Adam Henrique,2617.0,0.0,-3.0
ANA,2020,Jakob Silfverberg,2118.0,0.0,0.0
ANA,2020,Rickard Rakell,1527.0,0.0,-5.0
ANA,2020,Ryan Getzlaf,1329.0,0.0,-16.0
ANA,2020,Cam Fowler,920.0,0.0,0.0
ANA,2021,Max Comtois,1617.0,0.0,3.0
ANA,2021,Rickard Rakell,919.0,0.0,-14.0
ANA,2021,Troy Terry,713.0,0.0,-1.0
ANA,2021,Cam Fowler,518.0,0.0,-4.0
ANA,2021,Ryan Getzlaf,512.0,0.0,-14.0
ANA,2022,Troy Terry,3730.0,0.0,-11.0
ANA,2022,Trevor Zegras,2338.0,0.0,-21.0
ANA,2022,Adam Henrique,1923.0,0.0,-2.0
ANA,2022,Isac Lundeström,1613.0,0.0,-3.0
ANA,2022,Rickard Rakell,1612.0,0.0,-7.0
ANA,2023,Trevor Zegras,2342.0,0.0,-24.0
ANA,2023,Troy Terry,2338.0,0.0,-8.0
ANA,2023,Frank Vatrano,2219.0,0.0,-29.0
ANA,2023,Adam Henrique,2216.0,0.0,-8.0
ANA,2023,Mason McTavish,1726.0,0.0,-19.0
ARI,2018,Clayton Keller,2342.0,0.0,-7.0
ARI,2018,Brendan Perlini,1713.0,0.0,-2.0
ARI,2018,Christian Dvorak,1522.0,0.0,-19.0
ARI,2018,Christian Fischer,1518.0,0.0,-17.0
ARI,2018,Derek Stepan,1442.0,0.0,-7.0
ARI,2019,Alex Galchenyuk,1922.0,0.0,-19.0
ARI,2019,Vinnie Hinostroza,1623.0,0.0,-4.0
ARI,2019,Derek Stepan,1520.0,0.0,-2.0
ARI,2019,Clayton Keller,1433.0,0.0,-21.0
ARI,2019,Oliver Ekman-Larsson,1430.0,0.0,-16.0
ARI,2020,Conor Garland,2217.0,0.0,1.0
ARI,2020,Christian Dvorak,1820.0,0.0,6.0
ARI,2020,Clayton Keller,1727.0,0.0,-6.0
ARI,2020,Carl Söderberg,1718.0,0.0,6.0
ARI,2020,Lawson Crouse,1510.0,0.0,0.0
ARI,2021,Phil Kessel,2023.0,0.0,-17.0
ARI,2021,Jakob Chychrun,1823.0,0.0,-6.0
ARI,2021,Christian Dvorak,1714.0,0.0,-11.0
ARI,2021,Clayton Keller,1421.0,0.0,-5.0
ARI,2021,Conor Garland,1227.0,0.0,-3.0
ARI,2022,Clayton Keller,2835.0,0.0,3.0
ARI,2022,Nick Schmaltz,2336.0,0.0,1.0
ARI,2022,Lawson Crouse,2014.0,0.0,-9.0
ARI,2022,Travis Boyd,1718.0,0.0,-10.0
ARI,2022,Shayne Gostisbehere,1437.0,0.0,-23.0
ARI,2023,Clayton Keller,3749.0,0.0,-2.0
ARI,2023,Lawson Crouse,2421.0,0.0,-3.0
ARI,2023,Nick Schmaltz,2236.0,0.0,4.0
ARI,2023,Barrett Hayton,1924.0,0.0,-5.0
ARI,2023,Travis Boyd,1519.0,0.0,-32.0
BOS,2018,David Pastrňák,3545.0,0.0,10.0
BOS,2018,Brad Marchand,3451.0,0.0,25.0
BOS,2018,Patrice Bergeron,3033.0,0.0,21.0
BOS,2018,David Krejčí,1727.0,0.0,10.0
BOS,2018,Danton Heinen,1631.0,0.0,10.0
BOS,2019,David Pastrňák,3843.0,0.0,6.0
BOS,2019,Brad Marchand,3664.0,0.0,15.0
BOS,2019,Patrice Bergeron,3247.0,0.0,23.0
BOS,2019,Jake DeBrusk,2715.0,0.0,2.0
BOS,2019,David Krejčí,2053.0,0.0,7.0
BOS,2020,David Pastrňák,4847.0,0.0,21.0
BOS,2020,Patrice Bergeron,3125.0,0.0,23.0
BOS,2020,Brad Marchand,2859.0,0.0,25.0
BOS,2020,Jake DeBrusk,1916.0,0.0,-1.0
BOS,2020,Charlie Coyle,1621.0,0.0,9.0
BOS,2021,Brad Marchand,2940.0,0.0,26.0
BOS,2021,Patrice Bergeron,2325.0,0.0,27.0
BOS,2021,David Pastrňák,2028.0,0.0,10.0
BOS,2021,Nick Ritchie,1511.0,0.0,-7.0
BOS,2021,Craig Smith,1319.0,0.0,21.0
BOS,2022,David Pastrňák,4037.0,0.0,13.0
BOS,2022,Brad Marchand,3248.0,0.0,16.0
BOS,2022,Patrice Bergeron,2540.0,0.0,26.0
BOS,2022,Jake DeBrusk,2517.0,0.0,6.0
BOS,2022,Taylor Hall,2041.0,0.0,11.0
BOS,2023,David Pastrňák,6152.0,0.0,34.0
BOS,2023,Patrice Bergeron,2731.0,0.0,35.0
BOS,2023,Jake DeBrusk,2723.0,0.0,26.0
BOS,2023,Brad Marchand,2146.0,0.0,27.0
BOS,2023,Pavel Zacha,2136.0,0.0,26.0
BUF,2018,Jack Eichel,2539.0,0.0,-25.0
BUF,2018,Sam Reinhart,2525.0,0.0,-24.0
BUF,2018,Ryan O'Reilly,2437.0,0.0,-23.0
BUF,2018,Evander Kane,2020.0,0.0,-14.0
BUF,2018,Jason Pominville,1618.0,0.0,-17.0
BUF,2019,Jeff Skinner,4023.0,0.0,0.0
BUF,2019,Jack Eichel,2854.0,0.0,-11.0
BUF,2019,Sam Reinhart,2243.0,0.0,-10.0
BUF,2019,Jason Pominville,1615.0,0.0,-4.0
BUF,2019,Conor Sheary,1420.0,0.0,-18.0
BUF,2020,Jack Eichel,3642.0,0.0,5.0
BUF,2020,Sam Reinhart,2228.0,0.0,-15.0
BUF,2020,Victor Olofsson,2022.0,0.0,-1.0
BUF,2020,Marcus Johansson,921.0,0.0,-12.0
BUF,2020,Jimmy Vesey,911.0,0.0,12.0
BUF,2021,Sam Reinhart,2515.0,0.0,-28.0
BUF,2021,Victor Olofsson,1319.0,0.0,-23.0
BUF,2021,Casey Mittelstadt,1012.0,0.0,-10.0
BUF,2021,Rasmus Dahlin,518.0,0.0,-36.0
BUF,2021,Rasmus Ristolainen,414.0,0.0,-18.0
BUF,2022,Tage Thompson,3830.0,0.0,-17.0
BUF,2022,Jeff Skinner,3330.0,0.0,-14.0
BUF,2022,Kyle Okposo,2124.0,0.0,-15.0
BUF,2022,Victor Olofsson,2029.0,0.0,-16.0
BUF,2022,Rasmus Dahlin,1340.0,0.0,-22.0
BUF,2023,Tage Thompson,4747.0,0.0,4.0
BUF,2023,Alex Tuch,3643.0,0.0,14.0
BUF,2023,Jeff Skinner,3547.0,0.0,15.0
BUF,2023,Dylan Cozens,3137.0,0.0,-3.0
BUF,2023,Victor Olofsson,2812.0,0.0,-23.0
CAR,2018,Sebastian Aho,2936.0,0.0,4.0
CAR,2018,Jeff Skinner,2425.0,0.0,-27.0
CAR,2018,Teuvo Teräväinen,2341.0,0.0,8.0
CAR,2018,Jordan Staal,1927.0,0.0,-4.0
CAR,2018,Justin Williams,1635.0,0.0,-9.0
CAR,2019,Sebastian Aho,3053.0,0.0,25.0
CAR,2019,Justin Williams,2330.0,0.0,-4.0
CAR,2019,Teuvo Teräväinen,2155.0,0.0,30.0
CAR,2019,Andrei Svechnikov,2017.0,0.0,0.0
CAR,2019,Dougie Hamilton,1821.0,0.0,0.0
CAR,2020,Sebastian Aho,3828.0,0.0,10.0
CAR,2020,Andrei Svechnikov,2437.0,0.0,9.0
CAR,2020,Martin Nečas,1620.0,0.0,-6.0
CAR,2020,Teuvo Teräväinen,1548.0,0.0,20.0
CAR,2020,Dougie Hamilton,1426.0,0.0,30.0
CAR,2021,Sebastian Aho,2433.0,0.0,16.0
CAR,2021,Nino Niederreiter,2014.0,0.0,20.0
CAR,2021,Vincent Trocheck,1726.0,0.0,-3.0
CAR,2021,Jordan Staal,1622.0,0.0,2.0
CAR,2021,Andrei Svechnikov,1527.0,0.0,1.0
CAR,2022,Sebastian Aho,3744.0,0.0,18.0
CAR,2022,Andrei Svechnikov,3039.0,0.0,19.0
CAR,2022,Nino Niederreiter,2420.0,0.0,29.0
CAR,2022,Teuvo Teräväinen,2243.0,0.0,22.0
CAR,2022,Vincent Trocheck,2130.0,0.0,21.0
CAR,2023,Sebastian Aho,3631.0,0.0,8.0
CAR,2023,Martin Nečas,2843.0,0.0,5.0
CAR,2023,Andrei Svechnikov,2332.0,0.0,6.0
CAR,2023,Brent Burns,1843.0,0.0,19.0
CAR,2023,Jesperi Kotkaniemi,1825.0,0.0,10.0
CBJ,2018,Artemi Panarin,2755.0,0.0,23.0
CBJ,2018,Cam Atkinson,2422.0,0.0,19.0
CBJ,2018,Pierre-Luc Dubois,2028.0,0.0,8.0
CBJ,2018,Josh Anderson,1911.0,0.0,-1.0
CBJ,2018,Seth Jones,1641.0,0.0,10.0
CBJ,2019,Cam Atkinson,4128.0,0.0,3.0
CBJ,2019,Artemi Panarin,2859.0,0.0,14.0
CBJ,2019,Pierre-Luc Dubois,2734.0,0.0,16.0
CBJ,2019,Josh Anderson,2720.0,0.0,25.0
CBJ,2019,Oliver Bjorkstrand,2313.0,0.0,8.0
CBJ,2020,Oliver Bjorkstrand,2115.0,0.0,8.0
CBJ,2020,Zach Werenski,2021.0,0.0,9.0
CBJ,2020,Pierre-Luc Dubois,1831.0,0.0,-2.0
CBJ,2020,Gustav Nyquist,1527.0,0.0,4.0
CBJ,2020,Cam Atkinson,1214.0,0.0,2.0
CBJ,2021,Oliver Bjorkstrand,1826.0,0.0,-15.0
CBJ,2021,Cam Atkinson,1519.0,0.0,-16.0
CBJ,2021,Jack Roslovic,1222.0,0.0,-11.0
CBJ,2021,Patrik Laine,1011.0,0.0,-29.0
CBJ,2021,Max Domi,915.0,0.0,-18.0
CBJ,2022,Oliver Bjorkstrand,2829.0,0.0,-35.0
CBJ,2022,Patrik Laine,2630.0,0.0,-7.0
CBJ,2022,Boone Jenner,2321.0,0.0,-11.0
CBJ,2022,Jack Roslovic,2223.0,0.0,2.0
CBJ,2022,Gustav Nyquist,1835.0,0.0,-12.0
CBJ,2023,Boone Jenner,2619.0,0.0,-32.0
CBJ,2023,Patrik Laine,2230.0,0.0,-12.0
CBJ,2023,Johnny Gaudreau,2153.0,0.0,-33.0
CBJ,2023,Kent Johnson,1624.0,0.0,-19.0
CBJ,2023,Eric Robinson,1212.0,0.0,-21.0
CGY,2018,Sean Monahan,3133.0,0.0,3.0
CGY,2018,Johnny Gaudreau,2460.0,0.0,2.0
CGY,2018,Matthew Tkachuk,2425.0,0.0,-1.0
CGY,2018,Micheal Ferland,2120.0,0.0,5.0
CGY,2018,Dougie Hamilton,1727.0,0.0,1.0
CGY,2019,Johnny Gaudreau,3663.0,0.0,18.0
CGY,2019,Sean Monahan,3448.0,0.0,7.0
CGY,2019,Matthew Tkachuk,3443.0,0.0,14.0
CGY,2019,Elias Lindholm,2751.0,0.0,30.0
CGY,2019,Mikael Backlund,2126.0,0.0,34.0
CGY,2020,Elias Lindholm,2925.0,0.0,-8.0
CGY,2020,Matthew Tkachuk,2338.0,0.0,-5.0
CGY,2020,Sean Monahan,2226.0,0.0,-16.0
CGY,2020,Johnny Gaudreau,1840.0,0.0,-10.0
CGY,2020,Andrew Mangiapane,1715.0,0.0,4.0
CGY,2021,Johnny Gaudreau,1930.0,0.0,2.0
CGY,2021,Elias Lindholm,1928.0,0.0,10.0
CGY,2021,Andrew Mangiapane,1814.0,0.0,1.0
CGY,2021,Matthew Tkachuk,1627.0,0.0,6.0
CGY,2021,Dillon Dubé,1111.0,0.0,-1.0
CGY,2022,Matthew Tkachuk,4262.0,0.0,57.0
CGY,2022,Elias Lindholm,4240.0,0.0,61.0
CGY,2022,Johnny Gaudreau,4075.0,0.0,64.0
CGY,2022,Andrew Mangiapane,3520.0,0.0,20.0
CGY,2022,Dillon Dubé,1814.0,0.0,1.0
CGY,2023,Tyler Toffoli,3439.0,0.0,16.0
CGY,2023,Nazem Kadri,2432.0,0.0,-19.0
CGY,2023,Elias Lindholm,2242.0,0.0,6.0
CGY,2023,Mikael Backlund,1937.0,0.0,24.0
CGY,2023,Dillon Dubé,1827.0,0.0,-6.0
CHI,2018,Alex DeBrincat,2824.0,0.0,6.0
CHI,2018,Patrick Kane,2749.0,0.0,-20.0
CHI,2018,Nick Schmaltz,2131.0,0.0,1.0
CHI,2018,Jonathan Toews,2032.0,0.0,-1.0
CHI,2018,Artem Anisimov,2011.0,0.0,-17.0
CHI,2019,Patrick Kane,4466.0,0.0,2.0
CHI,2019,Alex DeBrincat,4135.0,0.0,0.0
CHI,2019,Jonathan Toews,3546.0,0.0,2.0
CHI,2019,Brandon Saad,2324.0,0.0,-9.0
CHI,2019,Erik Gustafsson,1743.0,0.0,-6.0
CHI,2020,Patrick Kane,3351.0,0.0,8.0
CHI,2020,Dominik Kubalík,3016.0,0.0,2.0
CHI,2020,Brandon Saad,2112.0,0.0,2.0
CHI,2020,Jonathan Toews,1842.0,0.0,-2.0
CHI,2020,Alex DeBrincat,1827.0,0.0,-10.0
CHI,2021,Alex DeBrincat,3224.0,0.0,3.0
CHI,2021,Dominik Kubalík,1721.0,0.0,-3.0
CHI,2021,Patrick Kane,1551.0,0.0,-7.0
CHI,2021,Pius Suter,1413.0,0.0,-5.0
CHI,2021,Brandon Hagel,915.0,0.0,-7.0
CHI,2022,Alex DeBrincat,4137.0,0.0,-13.0
CHI,2022,Patrick Kane,2666.0,0.0,-19.0
CHI,2022,Dylan Strome,2226.0,0.0,-6.0
CHI,2022,Brandon Hagel,2116.0,0.0,-14.0
CHI,2022,Dominik Kubalík,1517.0,0.0,-16.0
CHI,2023,Andreas Athanasiou,2020.0,0.0,-29.0
CHI,2023,Taylor Raddysh,2017.0,0.0,-28.0
CHI,2023,Max Domi,1831.0,0.0,-9.0
CHI,2023,Patrick Kane,1629.0,0.0,-23.0
CHI,2023,Jonathan Toews,1516.0,0.0,-31.0
COL,2018,Nathan MacKinnon,3958.0,0.0,11.0
COL,2018,Mikko Rantanen,2955.0,0.0,0.0
COL,2018,Gabriel Landeskog,2537.0,0.0,16.0
COL,2018,Alexander Kerfoot,1924.0,0.0,-7.0
COL,2018,Carl Söderberg,1621.0,0.0,0.0
COL,2019,Nathan MacKinnon,4158.0,0.0,20.0
COL,2019,Gabriel Landeskog,3441.0,0.0,17.0
COL,2019,Mikko Rantanen,3156.0,0.0,13.0
COL,2019,Carl Söderberg,2326.0,0.0,-5.0
COL,2019,J.T. Compher,1616.0,0.0,-8.0
COL,2020,Nathan MacKinnon,3558.0,0.0,13.0
COL,2020,Gabriel Landeskog,2123.0,0.0,-2.0
COL,2020,André Burakovsky,2025.0,0.0,11.0
COL,2020,Mikko Rantanen,1922.0,0.0,-2.0
COL,2020,Nazem Kadri,1917.0,0.0,7.0
COL,2021,Mikko Rantanen,3036.0,0.0,30.0
COL,2021,Nathan MacKinnon,2045.0,0.0,22.0
COL,2021,Gabriel Landeskog,2032.0,0.0,14.0
COL,2021,André Burakovsky,1925.0,0.0,4.0
COL,2021,Joonas Donskoi,1714.0,0.0,14.0
COL,2022,Mikko Rantanen,3656.0,0.0,35.0
COL,2022,Nathan MacKinnon,3256.0,0.0,22.0
COL,2022,Gabriel Landeskog,3029.0,0.0,27.0
COL,2022,Nazem Kadri,2859.0,0.0,13.0
COL,2022,Cale Makar,2858.0,0.0,48.0
COL,2023,Mikko Rantanen,5550.0,0.0,15.0
COL,2023,Nathan MacKinnon,4269.0,0.0,29.0
COL,2023,Artturi Lehkonen,2130.0,0.0,8.0
COL,2023,Cale Makar,1749.0,0.0,16.0
COL,2023,J.T. Compher,1735.0,0.0,8.0
DAL,2018,Tyler Seguin,4038.0,0.0,12.0
DAL,2018,Jamie Benn,3643.0,0.0,20.0
DAL,2018,Alexander Radulov,2745.0,0.0,4.0
DAL,2018,Mattias Janmark,1915.0,0.0,-13.0
DAL,2018,Radek Faksa,1716.0,0.0,21.0
DAL,2019,Tyler Seguin,3347.0,0.0,17.0
DAL,2019,Alexander Radulov,2943.0,0.0,22.0
DAL,2019,Jamie Benn,2726.0,0.0,14.0
DAL,2019,Radek Faksa,1515.0,0.0,-3.0
DAL,2019,Miro Heiskanen,1221.0,0.0,-14.0
DAL,2020,Jamie Benn,1920.0,0.0,-4.0
DAL,2020,Roope Hintz,1914.0,0.0,3.0
DAL,2020,Tyler Seguin,1733.0,0.0,-2.0
DAL,2020,Alexander Radulov,1519.0,0.0,8.0
DAL,2020,Joe Pavelski,1417.0,0.0,6.0
DAL,2021,Joe Pavelski,2526.0,0.0,22.0
DAL,2021,Jason Robertson,1728.0,0.0,13.0
DAL,2021,Roope Hintz,1528.0,0.0,13.0
DAL,2021,Denis Gurianov,1218.0,0.0,0.0
DAL,2021,Jamie Benn,1124.0,0.0,13.0
DAL,2022,Jason Robertson,4138.0,0.0,16.0
DAL,2022,Roope Hintz,3735.0,0.0,15.0
DAL,2022,Joe Pavelski,2754.0,0.0,11.0
DAL,2022,Tyler Seguin,2425.0,0.0,-21.0
DAL,2022,Jamie Benn,1828.0,0.0,-13.0
DAL,2023,Jason Robertson,4663.0,0.0,37.0
DAL,2023,Roope Hintz,3738.0,0.0,31.0
DAL,2023,Jamie Benn,3345.0,0.0,23.0
DAL,2023,Joe Pavelski,2849.0,0.0,42.0
DAL,2023,Wyatt Johnston,2417.0,0.0,6.0
DET,2018,Anthony Mantha,2424.0,0.0,-1.0
DET,2018,Gustav Nyquist,2119.0,0.0,-2.0
DET,2018,Dylan Larkin,1647.0,0.0,-9.0
DET,2018,Frans Nielsen,1617.0,0.0,1.0
DET,2018,Andreas Athanasiou,1617.0,0.0,-15.0
DET,2019,Dylan Larkin,3241.0,0.0,-6.0
DET,2019,Andreas Athanasiou,3024.0,0.0,-9.0
DET,2019,Anthony Mantha,2523.0,0.0,-8.0
DET,2019,Tyler Bertuzzi,2126.0,0.0,11.0
DET,2019,Gustav Nyquist,1633.0,0.0,0.0
DET,2020,Tyler Bertuzzi,2127.0,0.0,-23.0
DET,2020,Dylan Larkin,1934.0,0.0,-21.0
DET,2020,Anthony Mantha,1622.0,0.0,-7.0
DET,2020,Robby Fabbri,1417.0,0.0,-29.0
DET,2020,Andreas Athanasiou,1014.0,0.0,-45.0
DET,2021,Anthony Mantha,1110.0,0.0,-14.0
DET,2021,Dylan Larkin,914.0,0.0,-14.0
DET,2021,Filip Zadina,613.0,0.0,-4.0
DET,2021,Filip Hronek,224.0,0.0,-18.0
DET,2021,Adam Erne,119.0,0.0,-1.0
DET,2022,Dylan Larkin,3138.0,0.0,-18.0
DET,2022,Tyler Bertuzzi,3032.0,0.0,-11.0
DET,2022,Lucas Raymond,2334.0,0.0,-32.0
DET,2022,Robby Fabbri,1713.0,0.0,-23.0
DET,2022,Pius Suter,1521.0,0.0,-11.0
DET,2023,Dylan Larkin,3247.0,0.0,-7.0
DET,2023,David Perron,2432.0,0.0,-7.0
DET,2023,Dominik Kubalík,2025.0,0.0,-15.0
DET,2023,Lucas Raymond,1728.0,0.0,-17.0
DET,2023,Jonatan Berggren,1513.0,0.0,-14.0
EDM,2018,Connor McDavid,4167.0,0.0,20.0
EDM,2018,Leon Draisaitl,2545.0,0.0,-7.0
EDM,2018,Ryan Nugent-Hopkins,2424.0,0.0,10.0
EDM,2018,Pat Maroon,1416.0,0.0,5.0
EDM,2018,Ryan Strome,1321.0,0.0,-4.0
EDM,2019,Leon Draisaitl,5055.0,0.0,2.0
EDM,2019,Connor McDavid,4175.0,0.0,3.0
EDM,2019,Ryan Nugent-Hopkins,2841.0,0.0,-13.0
EDM,2019,Alex Chiasson,2216.0,0.0,-1.0
EDM,2019,Zack Kassian,1511.0,0.0,-6.0
EDM,2020,Leon Draisaitl,4367.0,0.0,-7.0
EDM,2020,Connor McDavid,3463.0,0.0,-6.0
EDM,2020,Ryan Nugent-Hopkins,2239.0,0.0,1.0
EDM,2020,James Neal,1912.0,0.0,-20.0
EDM,2020,Zack Kassian,1519.0,0.0,0.0
EDM,2021,Connor McDavid,3372.0,0.0,21.0
EDM,2021,Leon Draisaitl,3153.0,0.0,29.0
EDM,2021,Darnell Nurse,1620.0,0.0,27.0
EDM,2021,Ryan Nugent-Hopkins,1619.0,0.0,-4.0
EDM,2021,Jesse Puljujärvi,1510.0,0.0,6.0
EDM,2022,Leon Draisaitl,5555.0,0.0,17.0
EDM,2022,Connor McDavid,4479.0,0.0,28.0
EDM,2022,Zach Hyman,2727.0,0.0,-9.0
EDM,2022,Evander Kane,2217.0,0.0,25.0
EDM,2022,Kailer Yamamoto,2021.0,0.0,-1.0
EDM,2023,Connor McDavid,6489.0,0.0,22.0
EDM,2023,Leon Draisaitl,5276.0,0.0,7.0
EDM,2023,Ryan Nugent-Hopkins,3767.0,0.0,12.0
EDM,2023,Zach Hyman,3647.0,0.0,13.0
EDM,2023,Evander Kane,1612.0,0.0,-4.0
FLA,2018,Vincent Trocheck,3144.0,0.0,-9.0
FLA,2018,Evgenii Dadonov,2837.0,0.0,10.0
FLA,2018,Aleksander Barkov,2751.0,0.0,9.0
FLA,2018,Jonathan Huberdeau,2742.0,0.0,-2.0
FLA,2018,Nick Bjugstad,1930.0,0.0,5.0
FLA,2019,Mike Hoffman,3634.0,0.0,-24.0
FLA,2019,Aleksander Barkov,3561.0,0.0,-3.0
FLA,2019,Jonathan Huberdeau,3062.0,0.0,-14.0
FLA,2019,Evgenii Dadonov,2842.0,0.0,-6.0
FLA,2019,Frank Vatrano,2415.0,0.0,-10.0
FLA,2020,Mike Hoffman,2930.0,0.0,-5.0
FLA,2020,Evgenii Dadonov,2522.0,0.0,-7.0
FLA,2020,Jonathan Huberdeau,2355.0,0.0,5.0
FLA,2020,Aleksander Barkov,2042.0,0.0,2.0
FLA,2020,Brett Connolly,1914.0,0.0,-3.0
FLA,2021,Aleksander Barkov,2632.0,0.0,12.0
FLA,2021,Jonathan Huberdeau,2041.0,0.0,12.0
FLA,2021,Carter Verhaeghe,1818.0,0.0,24.0
FLA,2021,Alexander Wennberg,1712.0,0.0,6.0
FLA,2021,Patric Hörnqvist,1418.0,0.0,-3.0
FLA,2022,Aleksander Barkov,3949.0,0.0,36.0
FLA,2022,Sam Reinhart,3349.0,0.0,25.0
FLA,2022,Anthony Duclair,3127.0,0.0,19.0
FLA,2022,Jonathan Huberdeau,3085.0,0.0,35.0
FLA,2022,Sam Bennett,2821.0,0.0,27.0
FLA,2023,Carter Verhaeghe,4231.0,0.0,10.0
FLA,2023,Matthew Tkachuk,4069.0,0.0,29.0
FLA,2023,Sam Reinhart,3136.0,0.0,-12.0
FLA,2023,Aleksander Barkov,2355.0,0.0,10.0
FLA,2023,Eetu Luostarinen,1726.0,0.0,19.0
LAK,2018,Anže Kopitar,3557.0,0.0,21.0
LAK,2018,Dustin Brown,2833.0,0.0,31.0
LAK,2018,Tyler Toffoli,2423.0,0.0,9.0
LAK,2018,Adrian Kempe,1621.0,0.0,11.0
LAK,2018,Tanner Pearson,1525.0,0.0,11.0
LAK,2019,Anže Kopitar,2238.0,0.0,-20.0
LAK,2019,Dustin Brown,2229.0,0.0,-17.0
LAK,2019,Ilya Kovalchuk,1618.0,0.0,-26.0
LAK,2019,Alex Iafallo,1518.0,0.0,-17.0
LAK,2019,Tyler Toffoli,1321.0,0.0,-16.0
LAK,2020,Anže Kopitar,2141.0,0.0,6.0
LAK,2020,Tyler Toffoli,1816.0,0.0,-4.0
LAK,2020,Alex Iafallo,1726.0,0.0,1.0
LAK,2020,Dustin Brown,1718.0,0.0,-1.0
LAK,2020,Jeff Carter,1710.0,0.0,-21.0
LAK,2021,Dustin Brown,1714.0,0.0,-3.0
LAK,2021,Adrian Kempe,1415.0,0.0,-18.0
LAK,2021,Anže Kopitar,1337.0,0.0,-7.0
LAK,2021,Alex Iafallo,1317.0,0.0,-8.0
LAK,2021,Trevor Moore,1013.0,0.0,-5.0
LAK,2022,Adrian Kempe,3519.0,0.0,-2.0
LAK,2022,Phillip Danault,2724.0,0.0,14.0
LAK,2022,Viktor Arvidsson,2029.0,0.0,1.0
LAK,2022,Anže Kopitar,1948.0,0.0,-6.0
LAK,2022,Trevor Moore,1731.0,0.0,20.0
LAK,2023,Adrian Kempe,4126.0,0.0,22.0
LAK,2023,Anže Kopitar,2846.0,0.0,20.0
LAK,2023,Viktor Arvidsson,2633.0,0.0,-4.0
LAK,2023,Kevin Fiala,2349.0,0.0,2.0
LAK,2023,Gabriel Vilardi,2318.0,0.0,10.0
MIN,2018,Eric Staal,4234.0,0.0,8.0
MIN,2018,Jason Zucker,3331.0,0.0,8.0
MIN,2018,Mikael Granlund,2146.0,0.0,13.0
MIN,2018,Nino Niederreiter,1814.0,0.0,14.0
MIN,2018,Mathew Dumba,1436.0,0.0,15.0
MIN,2019,Zach Parise,2833.0,0.0,-2.0
MIN,2019,Eric Staal,2230.0,0.0,-7.0
MIN,2019,Jason Zucker,2121.0,0.0,-9.0
MIN,2019,Mikael Granlund,1534.0,0.0,-2.0
MIN,2019,Jared Spurgeon,1429.0,0.0,-1.0
MIN,2020,Zach Parise,2521.0,0.0,-11.0
MIN,2020,Kevin Fiala,2331.0,0.0,-1.0
MIN,2020,Eric Staal,1928.0,0.0,-9.0
MIN,2020,Mats Zuccarello,1522.0,0.0,-9.0
MIN,2020,Luke Kunin,1516.0,0.0,-10.0
MIN,2021,Kirill Kaprizov,2724.0,0.0,10.0
MIN,2021,Kevin Fiala,2020.0,0.0,-2.0
MIN,2021,Joel Eriksson Ek,1911.0,0.0,16.0
MIN,2021,Mats Zuccarello,1124.0,0.0,9.0
MIN,2021,Marcus Foligno,1115.0,0.0,19.0
MIN,2022,Kirill Kaprizov,4761.0,0.0,27.0
MIN,2022,Ryan Hartman,3431.0,0.0,31.0
MIN,2022,Kevin Fiala,3352.0,0.0,23.0
MIN,2022,Joel Eriksson Ek,2623.0,0.0,16.0
MIN,2022,Mats Zuccarello,2455.0,0.0,21.0
MIN,2023,Kirill Kaprizov,4035.0,0.0,4.0
MIN,2023,Matt Boldy,3132.0,0.0,1.0
MIN,2023,Joel Eriksson Ek,2338.0,0.0,4.0
MIN,2023,Mats Zuccarello,2245.0,0.0,-3.0
MIN,2023,Frédérick Gaudreau,1919.0,0.0,10.0
MTL,2018,Brendan Gallagher,3123.0,0.0,-13.0
MTL,2018,Paul Byron,2015.0,0.0,-4.0
MTL,2018,Alex Galchenyuk,1932.0,0.0,-31.0
MTL,2018,Max Pacioretty,1720.0,0.0,-16.0
MTL,2018,Jonathan Drouin,1333.0,0.0,-28.0
MTL,2019,Brendan Gallagher,3319.0,0.0,10.0
MTL,2019,Max Domi,2844.0,0.0,20.0
MTL,2019,Tomáš Tatar,2533.0,0.0,21.0
MTL,2019,Andrew Shaw,1928.0,0.0,17.0
MTL,2019,Jonathan Drouin,1835.0,0.0,-8.0
MTL,2020,Tomáš Tatar,2239.0,0.0,5.0
MTL,2020,Brendan Gallagher,2221.0,0.0,9.0
MTL,2020,Max Domi,1727.0,0.0,-3.0
MTL,2020,Joel Armia,1614.0,0.0,2.0
MTL,2020,Shea Weber*,1521.0,0.0,8.0
MTL,2021,Tyler Toffoli,2816.0,0.0,0.0
MTL,2021,Nick Suzuki,1526.0,0.0,-5.0
MTL,2021,Jeff Petry,1230.0,0.0,6.0
MTL,2021,Tomáš Tatar,1020.0,0.0,0.0
MTL,2021,Corey Perry,912.0,0.0,-4.0
MTL,2022,Cole Caufield,2320.0,0.0,-24.0
MTL,2022,Nick Suzuki,2140.0,0.0,-29.0
MTL,2022,Josh Anderson,1913.0,0.0,-25.0
MTL,2022,Mike Hoffman,1520.0,0.0,-24.0
MTL,2022,Artturi Lehkonen,1316.0,0.0,0.0
MTL,2023,Nick Suzuki,2640.0,0.0,-13.0
MTL,2023,Cole Caufield,2610.0,0.0,-10.0
MTL,2023,Josh Anderson,2111.0,0.0,-8.0
MTL,2023,Kirby Dach,1424.0,0.0,-2.0
MTL,2023,Mike Hoffman,1420.0,0.0,-10.0
NJD,2018,Taylor Hall,3954.0,0.0,14.0
NJD,2018,Kyle Palmieri,2420.0,0.0,-1.0
NJD,2018,Nico Hischier,2032.0,0.0,10.0
NJD,2018,Miles Wood,1913.0,0.0,-6.0
NJD,2018,Jesper Bratt,1322.0,0.0,-16.0
NJD,2019,Kyle Palmieri,2723.0,0.0,-9.0
NJD,2019,Blake Coleman,2214.0,0.0,-19.0
NJD,2019,Travis Zajac,1927.0,0.0,-25.0
NJD,2019,Nico Hischier,1730.0,0.0,0.0
NJD,2019,Pavel Zacha,1312.0,0.0,-6.0
NJD,2020,Kyle Palmieri,2520.0,0.0,-4.0
NJD,2020,Blake Coleman,2110.0,0.0,-2.0
NJD,2020,Jesper Bratt,1616.0,0.0,-6.0
NJD,2020,Nico Hischier,1422.0,0.0,-16.0
NJD,2020,Nikita Gusev,1331.0,0.0,-15.0
NJD,2021,Pavel Zacha,1718.0,0.0,-11.0
NJD,2021,Yegor Sharangovich,1614.0,0.0,-4.0
NJD,2021,Jack Hughes,1120.0,0.0,-3.0
NJD,2021,Janne Kuokkanen,817.0,0.0,-11.0
NJD,2021,Jesper Bratt,723.0,0.0,4.0
NJD,2022,Jesper Bratt,2647.0,0.0,0.0
NJD,2022,Jack Hughes,2630.0,0.0,-16.0
NJD,2022,Yegor Sharangovich,2422.0,0.0,-14.0
NJD,2022,Nico Hischier,2139.0,0.0,-1.0
NJD,2022,Dawson Mercer,1725.0,0.0,-25.0
NJD,2023,Jack Hughes,4356.0,0.0,10.0
NJD,2023,Jesper Bratt,3241.0,0.0,14.0
NJD,2023,Nico Hischier,3149.0,0.0,33.0
NJD,2023,Dawson Mercer,2729.0,0.0,22.0
NJD,2023,Dougie Hamilton,2252.0,0.0,23.0
NSH,2018,Viktor Arvidsson,2932.0,0.0,20.0
NSH,2018,Filip Forsberg,2638.0,0.0,27.0
NSH,2018,Craig Smith,2526.0,0.0,20.0
NSH,2018,Kevin Fiala,2325.0,0.0,20.0
NSH,2018,P.K. Subban,1643.0,0.0,18.0
NSH,2019,Viktor Arvidsson,3414.0,0.0,12.0
NSH,2019,Filip Forsberg,2822.0,0.0,8.0
NSH,2019,Craig Smith,2117.0,0.0,11.0
NSH,2019,Nick Bonino,1718.0,0.0,27.0
NSH,2019,Roman Josi,1541.0,0.0,9.0
NSH,2020,Filip Forsberg,2127.0,0.0,-7.0
NSH,2020,Nick Bonino,1817.0,0.0,17.0
NSH,2020,Craig Smith,1813.0,0.0,18.0
NSH,2020,Mikael Granlund,1713.0,0.0,-4.0
NSH,2020,Roman Josi,1649.0,0.0,22.0
NSH,2021,Calle Järnkrok,1315.0,0.0,13.0
NSH,2021,Mikael Granlund,1314.0,0.0,-1.0
NSH,2021,Filip Forsberg,1220.0,0.0,-9.0
NSH,2021,Eeli Tolvanen,1111.0,0.0,-10.0
NSH,2021,Viktor Arvidsson,1015.0,0.0,9.0
NSH,2022,Matt Duchene,4343.0,0.0,6.0
NSH,2022,Filip Forsberg,4242.0,0.0,12.0
NSH,2022,Ryan Johansen,2637.0,0.0,-2.0
NSH,2022,Tanner Jeannot,2417.0,0.0,2.0
NSH,2022,Roman Josi,2373.0,0.0,13.0
NSH,2023,Matt Duchene,2234.0,0.0,4.0
NSH,2023,Filip Forsberg,1923.0,0.0,-4.0
NSH,2023,Roman Josi,1841.0,0.0,5.0
NSH,2023,Nino Niederreiter,1810.0,0.0,-9.0
NSH,2023,Thomas Novak,1726.0,0.0,5.0
NYI,2018,Anders Lee,4022.0,0.0,-25.0
NYI,2018,John Tavares,3747.0,0.0,-12.0
NYI,2018,Jordan Eberle,2534.0,0.0,5.0
NYI,2018,Mathew Barzal,2263.0,0.0,1.0
NYI,2018,Anthony Beauvillier,2115.0,0.0,2.0
NYI,2019,Anders Lee,2823.0,0.0,20.0
NYI,2019,Brock Nelson,2528.0,0.0,20.0
NYI,2019,Casey Cizikas,2013.0,0.0,22.0
NYI,2019,Jordan Eberle,1918.0,0.0,-6.0
NYI,2019,Mathew Barzal,1844.0,0.0,-5.0
NYI,2020,Brock Nelson,2628.0,0.0,6.0
NYI,2020,Anders Lee,2023.0,0.0,8.0
NYI,2020,Mathew Barzal,1941.0,0.0,5.0
NYI,2020,Anthony Beauvillier,1821.0,0.0,-11.0
NYI,2020,Jordan Eberle,1624.0,0.0,1.0
NYI,2021,Brock Nelson,1815.0,0.0,-5.0
NYI,2021,Mathew Barzal,1728.0,0.0,15.0
NYI,2021,Jordan Eberle,1617.0,0.0,9.0
NYI,2021,Anthony Beauvillier,1513.0,0.0,15.0
NYI,2021,Jean-Gabriel Pageau,1414.0,0.0,10.0
NYI,2022,Brock Nelson,3722.0,0.0,-5.0
NYI,2022,Anders Lee,2818.0,0.0,-11.0
NYI,2022,Jean-Gabriel Pageau,1821.0,0.0,0.0
NYI,2022,Mathew Barzal,1544.0,0.0,-15.0
NYI,2022,Zach Parise,1520.0,0.0,-2.0
NYI,2023,Brock Nelson,3639.0,0.0,13.0
NYI,2023,Anders Lee,2822.0,0.0,-3.0
NYI,2023,Zach Parise,2113.0,0.0,7.0
NYI,2023,Kyle Palmieri,1617.0,0.0,13.0
NYI,2023,Mathew Barzal,1437.0,0.0,5.0
NYR,2018,Mika Zibanejad,2720.0,0.0,-23.0
NYR,2018,Kevin Hayes,2519.0,0.0,1.0
NYR,2018,Rick Nash,1810.0,0.0,-8.0
NYR,2018,Jimmy Vesey,1711.0,0.0,-18.0
NYR,2018,Mats Zuccarello,1637.0,0.0,-10.0
NYR,2019,Mika Zibanejad,3044.0,0.0,-12.0
NYR,2019,Chris Kreider,2824.0,0.0,4.0
NYR,2019,Pavel Buchnevich,2117.0,0.0,-10.0
NYR,2019,Ryan Strome,1815.0,0.0,-2.0
NYR,2019,Jimmy Vesey,1718.0,0.0,-6.0
NYR,2020,Mika Zibanejad,4134.0,0.0,9.0
NYR,2020,Artemi Panarin,3263.0,0.0,36.0
NYR,2020,Chris Kreider,2421.0,0.0,13.0
NYR,2020,Ryan Strome,1841.0,0.0,21.0
NYR,2020,Pavel Buchnevich,1630.0,0.0,2.0
NYR,2021,Mika Zibanejad,2426.0,0.0,2.0
NYR,2021,Pavel Buchnevich,2028.0,0.0,12.0
NYR,2021,Chris Kreider,2010.0,0.0,-1.0
NYR,2021,Artemi Panarin,1741.0,0.0,14.0
NYR,2021,Ryan Strome,1435.0,0.0,6.0
NYR,2022,Chris Kreider,5225.0,0.0,19.0
NYR,2022,Mika Zibanejad,2952.0,0.0,30.0
NYR,2022,Artemi Panarin,2274.0,0.0,21.0
NYR,2022,Ryan Strome,2133.0,0.0,15.0
NYR,2022,Alexis Lafrenière,1912.0,0.0,2.0
NYR,2023,Mika Zibanejad,3952.0,0.0,25.0
NYR,2023,Chris Kreider,3618.0,0.0,21.0
NYR,2023,Artemi Panarin,2963.0,0.0,4.0
NYR,2023,Vincent Trocheck,2242.0,0.0,3.0
NYR,2023,Filip Chytil,2223.0,0.0,15.0
OTT,2018,Matt Duchene,2326.0,0.0,-23.0
OTT,2018,Ryan Dzingel,2318.0,0.0,-17.0
OTT,2018,Mike Hoffman,2234.0,0.0,-20.0
OTT,2018,Mark Stone,2042.0,0.0,9.0
OTT,2018,Derick Brassard,1820.0,0.0,-1.0
OTT,2019,Mark Stone,2834.0,0.0,13.0
OTT,2019,Matt Duchene,2731.0,0.0,-2.0
OTT,2019,Brady Tkachuk,2223.0,0.0,-10.0
OTT,2019,Ryan Dzingel,2222.0,0.0,-13.0
OTT,2019,Bobby Ryan,1527.0,0.0,-29.0
OTT,2020,Jean-Gabriel Pageau,2416.0,0.0,10.0
OTT,2020,Anthony Duclair,2317.0,0.0,-5.0
OTT,2020,Brady Tkachuk,2123.0,0.0,-14.0
OTT,2020,Connor Brown,1627.0,0.0,-6.0
OTT,2020,Tyler Ennis,1419.0,0.0,-5.0
OTT,2021,Connor Brown,2114.0,0.0,1.0
OTT,2021,Brady Tkachuk,1719.0,0.0,-17.0
OTT,2021,Joshua Norris,1718.0,0.0,-12.0
OTT,2021,Drake Batherson,1717.0,0.0,-17.0
OTT,2021,Tim Stützle,1217.0,0.0,-18.0
OTT,2022,Joshua Norris,3520.0,0.0,-7.0
OTT,2022,Brady Tkachuk,3037.0,0.0,-7.0
OTT,2022,Tim Stützle,2236.0,0.0,-27.0
OTT,2022,Alex Formenton,1814.0,0.0,-13.0
OTT,2022,Drake Batherson,1727.0,0.0,4.0
OTT,2023,Tim Stützle,3951.0,0.0,-3.0
OTT,2023,Brady Tkachuk,3548.0,0.0,-10.0
OTT,2023,Claude Giroux,3544.0,0.0,4.0
OTT,2023,Alex DeBrincat,2739.0,0.0,-31.0
OTT,2023,Drake Batherson,2240.0,0.0,-35.0
PHI,2018,Claude Giroux,3468.0,0.0,28.0
PHI,2018,Sean Couturier,3145.0,0.0,34.0
PHI,2018,Travis Konecny,2423.0,0.0,17.0
PHI,2018,Wayne Simmonds,2422.0,0.0,-16.0
PHI,2018,Jakub Voráček,2065.0,0.0,10.0
PHI,2019,Sean Couturier,3343.0,0.0,2.0
PHI,2019,James van Riemsdyk,2721.0,0.0,-10.0
PHI,2019,Travis Konecny,2425.0,0.0,-4.0
PHI,2019,Claude Giroux,2263.0,0.0,9.0
PHI,2019,Jakub Voráček,2046.0,0.0,-16.0
PHI,2020,Travis Konecny,2437.0,0.0,-1.0
PHI,2020,Kevin Hayes,2318.0,0.0,-6.0
PHI,2020,Sean Couturier,2237.0,0.0,21.0
PHI,2020,Claude Giroux,2132.0,0.0,7.0
PHI,2020,James van Riemsdyk,1921.0,0.0,5.0
PHI,2021,Joel Farabee,2018.0,0.0,0.0
PHI,2021,Sean Couturier,1823.0,0.0,-4.0
PHI,2021,James van Riemsdyk,1726.0,0.0,2.0
PHI,2021,Claude Giroux,1627.0,0.0,-4.0
PHI,2021,Kevin Hayes,1219.0,0.0,-2.0
PHI,2022,James van Riemsdyk,2414.0,0.0,-33.0
PHI,2022,Cam Atkinson,2327.0,0.0,-2.0
PHI,2022,Claude Giroux,1824.0,0.0,-12.0
PHI,2022,Joel Farabee,1717.0,0.0,-11.0
PHI,2022,Travis Konecny,1636.0,0.0,-23.0
PHI,2023,Travis Konecny,3130.0,0.0,-12.0
PHI,2023,Owen Tippett,2722.0,0.0,-17.0
PHI,2023,Morgan Frost,1927.0,0.0,-12.0
PHI,2023,Kevin Hayes,1836.0,0.0,-22.0
PHI,2023,Scott Laughton,1825.0,0.0,-9.0
PIT,2018,Evgeni Malkin,4256.0,0.0,16.0
PIT,2018,Phil Kessel,3458.0,0.0,-4.0
PIT,2018,Sidney Crosby,2960.0,0.0,0.0
PIT,2018,Patric Hörnqvist,2920.0,0.0,2.0
PIT,2018,Jake Guentzel,2226.0,0.0,-9.0
PIT,2019,Jake Guentzel,4036.0,0.0,13.0
PIT,2019,Sidney Crosby,3565.0,0.0,18.0
PIT,2019,Phil Kessel,2755.0,0.0,-19.0
PIT,2019,Evgeni Malkin,2151.0,0.0,-25.0
PIT,2019,Patric Hörnqvist,1819.0,0.0,-3.0
PIT,2020,Bryan Rust,2729.0,0.0,14.0
PIT,2020,Evgeni Malkin,2549.0,0.0,7.0
PIT,2020,Jake Guentzel,2023.0,0.0,11.0
PIT,2020,Patric Hörnqvist,1715.0,0.0,9.0
PIT,2020,Sidney Crosby,1631.0,0.0,-8.0
PIT,2021,Sidney Crosby,2438.0,0.0,8.0
PIT,2021,Jake Guentzel,2334.0,0.0,7.0
PIT,2021,Bryan Rust,2220.0,0.0,9.0
PIT,2021,Jared McCann,1418.0,0.0,17.0
PIT,2021,Kasperi Kapanen,1119.0,0.0,15.0
PIT,2022,Jake Guentzel,4044.0,0.0,13.0
PIT,2022,Sidney Crosby,3153.0,0.0,19.0
PIT,2022,Bryan Rust,2434.0,0.0,7.0
PIT,2022,Evgeni Malkin,2022.0,0.0,-10.0
PIT,2022,Jeff Carter,1926.0,0.0,-8.0
PIT,2023,Jake Guentzel,3637.0,0.0,2.0
PIT,2023,Sidney Crosby,3360.0,0.0,8.0
PIT,2023,Rickard Rakell,2832.0,0.0,-5.0
PIT,2023,Evgeni Malkin,2756.0,0.0,-12.0
PIT,2023,Jason Zucker,2721.0,0.0,-4.0
SEA,2022,Jared McCann,2723.0,0.0,-26.0
SEA,2022,Yanni Gourde,2127.0,0.0,-13.0
SEA,2022,Jordan Eberle,2123.0,0.0,-28.0
SEA,2022,Ryan Donato,1615.0,0.0,-13.0
SEA,2022,Calle Järnkrok,1214.0,0.0,-15.0
SEA,2023,Jared McCann,4030.0,0.0,18.0
SEA,2023,Matthew Beniers,2433.0,0.0,14.0
SEA,2023,Daniel Sprong,2125.0,0.0,13.0
SEA,2023,Jaden Schwartz,2119.0,0.0,-17.0
SEA,2023,Jordan Eberle,2043.0,0.0,6.0
SJS,2018,Logan Couture,3427.0,0.0,-2.0
SJS,2018,Joe Pavelski,2244.0,0.0,0.0
SJS,2018,Tomáš Hertl,2224.0,0.0,-2.0
SJS,2018,Timo Meier,2115.0,0.0,2.0
SJS,2018,Chris Tierney,1723.0,0.0,0.0
SJS,2019,Joe Pavelski,3826.0,0.0,-4.0
SJS,2019,Tomáš Hertl,3539.0,0.0,5.0
SJS,2019,Timo Meier,3036.0,0.0,9.0
SJS,2019,Evander Kane,3026.0,0.0,-4.0
SJS,2019,Logan Couture,2743.0,0.0,-6.0
SJS,2020,Evander Kane,2621.0,0.0,-12.0
SJS,2020,Timo Meier,2227.0,0.0,-22.0
SJS,2020,Logan Couture,1623.0,0.0,0.0
SJS,2020,Tomáš Hertl,1620.0,0.0,-18.0
SJS,2020,Kevin Labanc,1419.0,0.0,-33.0
SJS,2021,Evander Kane,2227.0,0.0,-1.0
SJS,2021,Tomáš Hertl,1924.0,0.0,1.0
SJS,2021,Logan Couture,1714.0,0.0,-10.0
SJS,2021,Timo Meier,1219.0,0.0,-7.0
SJS,2021,Kevin Labanc,1216.0,0.0,-9.0
SJS,2022,Timo Meier,3541.0,0.0,-3.0
SJS,2022,Tomáš Hertl,3034.0,0.0,-9.0
SJS,2022,Logan Couture,2333.0,0.0,-11.0
SJS,2022,Nick Bonino,1610.0,0.0,-25.0
SJS,2022,Jonathan Dahlén,1210.0,0.0,-25.0
SJS,2023,Timo Meier,3121.0,0.0,-19.0
SJS,2023,Logan Couture,2740.0,0.0,-30.0
SJS,2023,Erik Karlsson,2576.0,0.0,-26.0
SJS,2023,Tomáš Hertl,2241.0,0.0,-36.0
SJS,2023,Alexander Barabanov,1532.0,0.0,-30.0
STL,2018,Vladimir Tarasenko,3333.0,0.0,15.0
STL,2018,Brayden Schenn,2842.0,0.0,10.0
STL,2018,Jaden Schwartz,2435.0,0.0,15.0
STL,2018,Alex Pietrangelo,1539.0,0.0,8.0
STL,2018,Alexander Steen,1531.0,0.0,-11.0
STL,2019,Vladimir Tarasenko,3335.0,0.0,8.0
STL,2019,Ryan O'Reilly,2849.0,0.0,22.0
STL,2019,David Perron,2323.0,0.0,3.0
STL,2019,Brayden Schenn,1737.0,0.0,3.0
STL,2019,Oskar Sundqvist,1417.0,0.0,-1.0
STL,2020,David Perron,2535.0,0.0,2.0
STL,2020,Brayden Schenn,2533.0,0.0,3.0
STL,2020,Jaden Schwartz,2235.0,0.0,3.0
STL,2020,Alex Pietrangelo,1636.0,0.0,11.0
STL,2020,Zach Sanford,1614.0,0.0,13.0
STL,2021,Ryan O'Reilly,2430.0,0.0,26.0
STL,2021,David Perron,1939.0,0.0,6.0
STL,2021,Mike Hoffman,1719.0,0.0,2.0
STL,2021,Brayden Schenn,1620.0,0.0,-2.0
STL,2021,Jordan Kyrou,1421.0,0.0,1.0
STL,2022,Vladimir Tarasenko,3448.0,0.0,7.0
STL,2022,Pavel Buchnevich,3046.0,0.0,29.0
STL,2022,Jordan Kyrou,2748.0,0.0,10.0
STL,2022,David Perron,2730.0,0.0,8.0
STL,2022,Ivan Barbashev,2634.0,0.0,4.0
STL,2023,Jordan Kyrou,3736.0,0.0,-38.0
STL,2023,Pavel Buchnevich,2641.0,0.0,14.0
STL,2023,Brayden Schenn,2144.0,0.0,-27.0
STL,2023,Brandon Saad,1918.0,0.0,-8.0
STL,2023,Robert Thomas,1847.0,0.0,-8.0
TBL,2018,Nikita Kucherov,3961.0,0.0,15.0
TBL,2018,Brayden Point,3234.0,0.0,18.0
TBL,2018,Steven Stamkos,2759.0,0.0,18.0
TBL,2018,Yanni Gourde,2539.0,0.0,34.0
TBL,2018,Tyler Johnson,2129.0,0.0,3.0
TBL,2019,Steven Stamkos,4553.0,0.0,4.0
TBL,2019,Nikita Kucherov,4187.0,0.0,24.0
TBL,2019,Brayden Point,4151.0,0.0,27.0
TBL,2019,Tyler Johnson,2918.0,0.0,15.0
TBL,2019,Yanni Gourde,2226.0,0.0,9.0
TBL,2020,Nikita Kucherov,3352.0,0.0,26.0
TBL,2020,Steven Stamkos,2937.0,0.0,14.0
TBL,2020,Alex Killorn,2623.0,0.0,19.0
TBL,2020,Brayden Point,2539.0,0.0,28.0
TBL,2020,Ondřej Palát,1724.0,0.0,25.0
TBL,2021,Brayden Point,2325.0,0.0,2.0
TBL,2021,Yanni Gourde,1719.0,0.0,10.0
TBL,2021,Steven Stamkos,1717.0,0.0,4.0
TBL,2021,Ondřej Palát,1531.0,0.0,1.0
TBL,2021,Alex Killorn,1518.0,0.0,-1.0
TBL,2022,Steven Stamkos,4264.0,0.0,24.0
TBL,2022,Brayden Point,2830.0,0.0,-5.0
TBL,2022,Nikita Kucherov,2544.0,0.0,1.0
TBL,2022,Alex Killorn,2534.0,0.0,1.0
TBL,2022,Ross Colton,2217.0,0.0,4.0
TBL,2023,Brayden Point,5144.0,0.0,2.0
TBL,2023,Steven Stamkos,3450.0,0.0,-5.0
TBL,2023,Nikita Kucherov,3083.0,0.0,-2.0
TBL,2023,Brandon Hagel,3034.0,0.0,23.0
TBL,2023,Alex Killorn,2737.0,0.0,18.0
TOR,2018,James van Riemsdyk,3618.0,0.0,1.0
TOR,2018,Auston Matthews,3429.0,0.0,25.0
TOR,2018,Nazem Kadri,3223.0,0.0,2.0
TOR,2018,Patrick Marleau,2720.0,0.0,1.0
TOR,2018,Mitch Marner,2247.0,0.0,-1.0
TOR,2019,John Tavares,4741.0,0.0,19.0
TOR,2019,Auston Matthews,3736.0,0.0,-9.0
TOR,2019,Mitch Marner,2668.0,0.0,22.0
TOR,2019,Zach Hyman,2120.0,0.0,16.0
TOR,2019,Morgan Rielly,2052.0,0.0,24.0
TOR,2020,Auston Matthews,4733.0,0.0,19.0
TOR,2020,William Nylander,3128.0,0.0,-2.0
TOR,2020,John Tavares,2634.0,0.0,-7.0
TOR,2020,Zach Hyman,2116.0,0.0,13.0
TOR,2020,Mitch Marner,1651.0,0.0,6.0
TOR,2021,Auston Matthews,4125.0,0.0,21.0
TOR,2021,Mitch Marner,2047.0,0.0,21.0
TOR,2021,John Tavares,1931.0,0.0,12.0
TOR,2021,William Nylander,1725.0,0.0,10.0
TOR,2021,Zach Hyman,1518.0,0.0,19.0
TOR,2022,Auston Matthews,6046.0,0.0,20.0
TOR,2022,Mitch Marner,3562.0,0.0,23.0
TOR,2022,William Nylander,3446.0,0.0,-9.0
TOR,2022,John Tavares,2749.0,0.0,-8.0
TOR,2022,Michael Bunting,2340.0,0.0,27.0
TOR,2023,William Nylander,4047.0,0.0,10.0
TOR,2023,Auston Matthews,4045.0,0.0,31.0
TOR,2023,John Tavares,3644.0,0.0,-7.0
TOR,2023,Mitch Marner,3069.0,0.0,18.0
TOR,2023,Michael Bunting,2326.0,0.0,21.0
TOT,2018,Evander Kane,2925.0,0.0,-9.0
TOT,2018,Matt Duchene,2732.0,0.0,-22.0
TOT,2018,Thomas Vanek,2432.0,0.0,-3.0
TOT,2018,Adam Henrique,2426.0,0.0,11.0
TOT,2018,J.T. Miller,2335.0,0.0,-4.0
TOT,2019,Mark Stone,3340.0,0.0,17.0
TOT,2019,Matt Duchene,3139.0,0.0,-3.0
TOT,2019,Ryan Dzingel,2630.0,0.0,-9.0
TOT,2019,Nino Niederreiter,2330.0,0.0,-4.0
TOT,2019,Gustav Nyquist,2238.0,0.0,1.0
TOT,2020,Jean-Gabriel Pageau,2616.0,0.0,4.0
TOT,2020,Tyler Toffoli,2420.0,0.0,-1.0
TOT,2020,Blake Coleman,2111.0,0.0,0.0
TOT,2020,Jason Zucker,2021.0,0.0,-4.0
TOT,2020,Vladislav Namestnikov,1714.0,0.0,-5.0
TOT,2021,Jakub Vrána,1917.0,0.0,10.0
TOT,2021,Jeff Carter,1713.0,0.0,3.0
TOT,2021,Anthony Mantha,1514.0,0.0,-14.0
TOT,2021,Patrik Laine,1212.0,0.0,-28.0
TOT,2021,Mattias Janmark,1113.0,0.0,-12.0
TOT,2022,Brandon Hagel,2519.0,0.0,-18.0
TOT,2022,Claude Giroux,2144.0,0.0,-5.0
TOT,2022,Andrew Copp,2132.0,0.0,15.0
TOT,2022,Tyler Toffoli,2029.0,0.0,-5.0
TOT,2022,Rickard Rakell,2021.0,0.0,0.0
TOT,2023,Timo Meier,4026.0,0.0,-19.0
TOT,2023,Bo Horvat,3832.0,0.0,-1.0
TOT,2023,Nino Niederreiter,2417.0,0.0,-13.0
TOT,2023,Patrick Kane,2136.0,0.0,-22.0
TOT,2023,Max Domi,2036.0,0.0,-15.0
Tm,2018,Player,0.0,0.0,0.0
Tm,2018,Player,0.0,0.0,0.0
Tm,2018,Player,0.0,0.0,0.0
Tm,2018,Player,0.0,0.0,0.0
Tm,2018,Player,0.0,0.0,0.0
Tm,2019,Player,0.0,0.0,0.0
Tm,2019,Player,0.0,0.0,0.0
Tm,2019,Player,0.0,0.0,0.0
Tm,2019,Player,0.0,0.0,0.0
Tm,2019,Player,0.0,0.0,0.0
Tm,2020,Player,0.0,0.0,0.0
Tm,2020,Player,0.0,0.0,0.0
Tm,2020,Player,0.0,0.0,0.0
Tm,2020,Player,0.0,0.0,0.0
Tm,2020,Player,0.0,0.0,0.0
Tm,2021,Player,0.0,0.0,0.0
Tm,2021,Player,0.0,0.0,0.0
Tm,2021,Player,0.0,0.0,0.0
Tm,2021,Player,0.0,0.0,0.0
Tm,2021,Player,0.0,0.0,0.0
Tm,2022,Player,0.0,0.0,0.0
Tm,2022,Player,0.0,0.0,0.0
Tm,2022,Player,0.0,0.0,0.0
Tm,2022,Player,0.0,0.0,0.0
Tm,2022,Player,0.0,0.0,0.0
Tm,2023,Player,0.0,0.0,0.0
Tm,2023,Player,0.0,0.0,0.0
Tm,2023,Player,0.0,0.0,0.0
Tm,2023,Player,0.0,0.0,0.0
Tm,2023,Player,0.0,0.0,0.0
VAN,2018,Brock Boeser,2926.0,0.0,-5.0
VAN,2018,Daniel Sedin*,2332.0,0.0,-21.0
VAN,2018,Bo Horvat,2222.0,0.0,-1.0
VAN,2018,Thomas Vanek,1724.0,0.0,-12.0
VAN,2018,Sven Baertschi,1415.0,0.0,3.0
VAN,2019,Elias Pettersson,2838.0,0.0,3.0
VAN,2019,Bo Horvat,2734.0,0.0,-4.0
VAN,2019,Brock Boeser,2630.0,0.0,-2.0
VAN,2019,Jake Virtanen,1510.0,0.0,-4.0
VAN,2019,Markus Granlund,1210.0,0.0,-4.0
VAN,2020,J.T. Miller,2745.0,0.0,11.0
VAN,2020,Elias Pettersson,2739.0,0.0,16.0
VAN,2020,Bo Horvat,2231.0,0.0,-15.0
VAN,2020,Tanner Pearson,2124.0,0.0,-4.0
VAN,2020,Jake Virtanen,1818.0,0.0,-4.0
VAN,2021,Brock Boeser,2326.0,0.0,-3.0
VAN,2021,Bo Horvat,1920.0,0.0,-6.0
VAN,2021,J.T. Miller,1531.0,0.0,-7.0
VAN,2021,Nils Höglander,1314.0,0.0,-4.0
VAN,2021,Elias Pettersson,1011.0,0.0,0.0
VAN,2022,J.T. Miller,3267.0,0.0,15.0
VAN,2022,Elias Pettersson,3236.0,0.0,1.0
VAN,2022,Bo Horvat,3121.0,0.0,3.0
VAN,2022,Brock Boeser,2323.0,0.0,-5.0
VAN,2022,Conor Garland,1933.0,0.0,18.0
VAN,2023,Elias Pettersson,3963.0,0.0,16.0
VAN,2023,Andrei Kuzmenko,3935.0,0.0,9.0
VAN,2023,J.T. Miller,3250.0,0.0,-7.0
VAN,2023,Bo Horvat,3123.0,0.0,3.0
VAN,2023,Brock Boeser,1837.0,0.0,-20.0
VEG,2018,William Karlsson,4335.0,0.0,49.0
VEG,2018,Erik Haula,2926.0,0.0,-16.0
VEG,2018,Jonathan Marchessault,2748.0,0.0,36.0
VEG,2018,James Neal,2519.0,0.0,-11.0
VEG,2018,Reilly Smith,2238.0,0.0,31.0
VEG,2019,Jonathan Marchessault,2534.0,0.0,2.0
VEG,2019,William Karlsson,2432.0,0.0,1.0
VEG,2019,Cody Eakin,2219.0,0.0,19.0
VEG,2019,Max Pacioretty,2218.0,0.0,-13.0
VEG,2019,Alex Tuch,2032.0,0.0,13.0
VEG,2020,Max Pacioretty,3234.0,0.0,18.0
VEG,2020,Reilly Smith,2727.0,0.0,17.0
VEG,2020,Jonathan Marchessault,2225.0,0.0,6.0
VEG,2020,Mark Stone,2142.0,0.0,15.0
VEG,2020,Paul Stastny,1721.0,0.0,6.0
VEG,2021,Max Pacioretty,2427.0,0.0,20.0
VEG,2021,Mark Stone,2140.0,0.0,26.0
VEG,2021,Jonathan Marchessault,1826.0,0.0,19.0
VEG,2021,Alex Tuch,1815.0,0.0,16.0
VEG,2021,William Karlsson,1425.0,0.0,19.0
VEG,2022,Jonathan Marchessault,3036.0,0.0,3.0
VEG,2022,Chandler Stephenson,2143.0,0.0,5.0
VEG,2022,Evgenii Dadonov,2023.0,0.0,4.0
VEG,2022,Max Pacioretty,1918.0,0.0,8.0
VEG,2022,Reilly Smith,1622.0,0.0,4.0
VEG,2023,Jonathan Marchessault,2829.0,0.0,2.0
VEG,2023,Jack Eichel,2739.0,0.0,26.0
VEG,2023,Reilly Smith,2630.0,0.0,11.0
VEG,2023,Mark Stone,1721.0,0.0,11.0
VEG,2023,Chandler Stephenson,1649.0,0.0,12.0
WPG,2018,Patrik Laine,4426.0,0.0,8.0
WPG,2018,Kyle Connor,3126.0,0.0,8.0
WPG,2018,Nikolaj Ehlers,2931.0,0.0,14.0
WPG,2018,Blake Wheeler,2368.0,0.0,13.0
WPG,2018,Mark Scheifele,2337.0,0.0,19.0
WPG,2019,Mark Scheifele,3846.0,0.0,8.0
WPG,2019,Kyle Connor,3432.0,0.0,-7.0
WPG,2019,Patrik Laine,3020.0,0.0,-24.0
WPG,2019,Nikolaj Ehlers,2116.0,0.0,2.0
WPG,2019,Blake Wheeler,2071.0,0.0,0.0
WPG,2020,Kyle Connor,3835.0,0.0,4.0
WPG,2020,Mark Scheifele,2944.0,0.0,2.0
WPG,2020,Patrik Laine,2835.0,0.0,8.0
WPG,2020,Nikolaj Ehlers,2533.0,0.0,14.0
WPG,2020,Blake Wheeler,2243.0,0.0,1.0
WPG,2021,Kyle Connor,2624.0,0.0,-4.0
WPG,2021,Mark Scheifele,2142.0,0.0,-4.0
WPG,2021,Nikolaj Ehlers,2125.0,0.0,15.0
WPG,2021,Blake Wheeler,1531.0,0.0,-17.0
WPG,2021,Andrew Copp,1524.0,0.0,2.0
WPG,2022,Kyle Connor,4746.0,0.0,-3.0
WPG,2022,Mark Scheifele,2941.0,0.0,-17.0
WPG,2022,Pierre-Luc Dubois,2832.0,0.0,-6.0
WPG,2022,Nikolaj Ehlers,2827.0,0.0,18.0
WPG,2022,Paul Stastny,2124.0,0.0,14.0
WPG,2023,Mark Scheifele,4226.0,0.0,-16.0
WPG,2023,Kyle Connor,3149.0,0.0,-11.0
WPG,2023,Pierre-Luc Dubois,2736.0,0.0,5.0
WPG,2023,Josh Morrissey,1660.0,0.0,2.0
WPG,2023,Blake Wheeler,1639.0,0.0,-3.0
WSH,2018,Alex Ovechkin,4938.0,0.0,3.0
WSH,2018,Evgeny Kuznetsov,2756.0,0.0,3.0
WSH,2018,Nicklas Bäckström,2150.0,0.0,5.0
WSH,2018,T.J. Oshie,1829.0,0.0,2.0
WSH,2018,Lars Eller,1820.0,0.0,-6.0
WSH,2019,Alex Ovechkin,5138.0,0.0,7.0
WSH,2019,T.J. Oshie,2529.0,0.0,5.0
WSH,2019,Jakub Vrána,2423.0,0.0,20.0
WSH,2019,Nicklas Bäckström,2252.0,0.0,2.0
WSH,2019,Brett Connolly,2224.0,0.0,13.0
WSH,2020,Alex Ovechkin,4819.0,0.0,-12.0
WSH,2020,T.J. Oshie,2623.0,0.0,4.0
WSH,2020,Jakub Vrána,2527.0,0.0,3.0
WSH,2020,Tom Wilson,2123.0,0.0,-3.0
WSH,2020,Evgeny Kuznetsov,1933.0,0.0,-2.0
WSH,2021,Alex Ovechkin,2418.0,0.0,-7.0
WSH,2021,T.J. Oshie,2221.0,0.0,-3.0
WSH,2021,Nicklas Bäckström,1538.0,0.0,0.0
WSH,2021,Tom Wilson,1320.0,0.0,1.0
WSH,2021,Jakub Vrána,1114.0,0.0,9.0
WSH,2022,Alex Ovechkin,5040.0,0.0,8.0
WSH,2022,Evgeny Kuznetsov,2454.0,0.0,7.0
WSH,2022,Tom Wilson,2428.0,0.0,13.0
WSH,2022,Conor Sheary,1924.0,0.0,-2.0
WSH,2022,John Carlson,1754.0,0.0,13.0
WSH,2023,Alex Ovechkin,4233.0,0.0,-16.0
WSH,2023,Dylan Strome,2342.0,0.0,-4.0
WSH,2023,T.J. Oshie,1916.0,0.0,-18.0
WSH,2023,Conor Sheary,1522.0,0.0,9.0
WSH,2023,Marcus Johansson,1315.0,0.0,-3.0
