Player,Season,Tm,Pos,GP,G,A,Points,ATOI,+/-
William Nylander,2023,TOR,C,82,40.0,47.0,4047.0,0.0,10.0
Auston Matthews,2023,TOR,C,74,40.0,45.0,4045.0,0.0,31.0
John Tavares,2023,TOR,C,80,36.0,44.0,3644.0,0.0,-7.0
Mitch Marner,2023,TOR,RW,80,30.0,69.0,3069.0,0.0,18.0
Michael Bunting,2023,TOR,LW,82,23.0,26.0,2326.0,0.0,21.0
Timo Meier,2023,TOT,RW,78,40.0,26.0,4026.0,0.0,-19.0
Bo Horvat,2023,TOT,C,79,38.0,32.0,3832.0,0.0,-1.0
Nino Niederreiter,2023,TOT,RW,78,24.0,17.0,2417.0,0.0,-13.0
Patrick Kane,2023,TOT,RW,73,21.0,36.0,2136.0,0.0,-22.0
Max Domi,2023,TOT,LW,80,20.0,36.0,2036.0,0.0,-15.0
Jordan Kyrou,2023,STL,C,79,37.0,36.0,3736.0,0.0,-38.0
Pavel Buchnevich,2023,STL,LW,63,26.0,41.0,2641.0,0.0,14.0
Brayden Schenn,2023,STL,C,82,21.0,44.0,2144.0,0.0,-27.0
Brandon Saad,2023,STL,LW,71,19.0,18.0,1918.0,0.0,-8.0
Robert Thomas,2023,STL,C,73,18.0,47.0,1847.0,0.0,-8.0
Kirill Kaprizov,2023,MIN,LW,67,40.0,35.0,4035.0,0.0,4.0
Matt Boldy,2023,MIN,LW,81,31.0,32.0,3132.0,0.0,1.0
Joel Eriksson Ek,2023,MIN,C,78,23.0,38.0,2338.0,0.0,4.0
Mats Zuccarello,2023,MIN,LW,78,22.0,45.0,2245.0,0.0,-3.0
Frédérick Gaudreau,2023,MIN,C,82,19.0,19.0,1919.0,0.0,10.0
Matt Duchene,2023,NSH,C,71,22.0,34.0,2234.0,0.0,4.0
Filip Forsberg,2023,NSH,C,50,19.0,23.0,1923.0,0.0,-4.0
Roman Josi,2023,NSH,D,67,18.0,41.0,1841.0,0.0,5.0
Nino Niederreiter,2023,NSH,RW,56,18.0,10.0,1810.0,0.0,-9.0
Thomas Novak,2023,NSH,C,51,17.0,26.0,1726.0,0.0,5.0
Timo Meier,2023,SJS,RW,57,31.0,21.0,3121.0,0.0,-19.0
Logan Couture,2023,SJS,C,82,27.0,40.0,2740.0,0.0,-30.0
Erik Karlsson,2023,SJS,D,82,25.0,76.0,2576.0,0.0,-26.0
Tomáš Hertl,2023,SJS,C,79,22.0,41.0,2241.0,0.0,-36.0
Alexander Barabanov,2023,SJS,F,68,15.0,32.0,1532.0,0.0,-30.0
Sebastian Aho,2023,CAR,F,75,36.0,31.0,3631.0,0.0,8.0
Martin Nečas,2023,CAR,C,82,28.0,43.0,2843.0,0.0,5.0
Andrei Svechnikov,2023,CAR,RW,64,23.0,32.0,2332.0,0.0,6.0
Brent Burns,2023,CAR,D,82,18.0,43.0,1843.0,0.0,19.0
Jesperi Kotkaniemi,2023,CAR,C,82,18.0,25.0,1825.0,0.0,10.0
Brock Nelson,2023,NYI,C,82,36.0,39.0,3639.0,0.0,13.0
Anders Lee,2023,NYI,LW,82,28.0,22.0,2822.0,0.0,-3.0
Zach Parise,2023,NYI,LW,82,21.0,13.0,2113.0,0.0,7.0
Kyle Palmieri,2023,NYI,RW,55,16.0,17.0,1617.0,0.0,13.0
Mathew Barzal,2023,NYI,C,58,14.0,37.0,1437.0,0.0,5.0
Alex Ovechkin,2023,WSH,LW,73,42.0,33.0,4233.0,0.0,-16.0
Dylan Strome,2023,WSH,C,81,23.0,42.0,2342.0,0.0,-4.0
T.J. Oshie,2023,WSH,C,58,19.0,16.0,1916.0,0.0,-18.0
Conor Sheary,2023,WSH,LW,82,15.0,22.0,1522.0,0.0,9.0
Marcus Johansson,2023,WSH,C,60,13.0,15.0,1315.0,0.0,-3.0
Nick Suzuki,2023,MTL,C,82,26.0,40.0,2640.0,0.0,-13.0
Cole Caufield,2023,MTL,RW,46,26.0,10.0,2610.0,0.0,-10.0
Josh Anderson,2023,MTL,RW,69,21.0,11.0,2111.0,0.0,-8.0
Kirby Dach,2023,MTL,C,58,14.0,24.0,1424.0,0.0,-2.0
Mike Hoffman,2023,MTL,C,67,14.0,20.0,1420.0,0.0,-10.0
Travis Konecny,2023,PHI,C,60,31.0,30.0,3130.0,0.0,-12.0
Owen Tippett,2023,PHI,RW,77,27.0,22.0,2722.0,0.0,-17.0
Morgan Frost,2023,PHI,C,81,19.0,27.0,1927.0,0.0,-12.0
Kevin Hayes,2023,PHI,RW,81,18.0,36.0,1836.0,0.0,-22.0
Scott Laughton,2023,PHI,C,78,18.0,25.0,1825.0,0.0,-9.0
Jonathan Marchessault,2023,VEG,C,76,28.0,29.0,2829.0,0.0,2.0
Jack Eichel,2023,VEG,C,67,27.0,39.0,2739.0,0.0,26.0
Reilly Smith,2023,VEG,RW,78,26.0,30.0,2630.0,0.0,11.0
Mark Stone,2023,VEG,RW,43,17.0,21.0,1721.0,0.0,11.0
Chandler Stephenson,2023,VEG,C,81,16.0,49.0,1649.0,0.0,12.0
Elias Pettersson,2023,VAN,C,80,39.0,63.0,3963.0,0.0,16.0
Andrei Kuzmenko,2023,VAN,F,81,39.0,35.0,3935.0,0.0,9.0
J.T. Miller,2023,VAN,C,81,32.0,50.0,3250.0,0.0,-7.0
Bo Horvat,2023,VAN,C,49,31.0,23.0,3123.0,0.0,3.0
Brock Boeser,2023,VAN,RW,74,18.0,37.0,1837.0,0.0,-20.0
Andreas Athanasiou,2023,CHI,C,81,20.0,20.0,2020.0,0.0,-29.0
Taylor Raddysh,2023,CHI,RW,78,20.0,17.0,2017.0,0.0,-28.0
Max Domi,2023,CHI,LW,60,18.0,31.0,1831.0,0.0,-9.0
Patrick Kane,2023,CHI,RW,54,16.0,29.0,1629.0,0.0,-23.0
Jonathan Toews,2023,CHI,C,53,15.0,16.0,1516.0,0.0,-31.0
Adrian Kempe,2023,LAK,LW,82,41.0,26.0,4126.0,0.0,22.0
Anže Kopitar,2023,LAK,C,82,28.0,46.0,2846.0,0.0,20.0
Viktor Arvidsson,2023,LAK,LW,77,26.0,33.0,2633.0,0.0,-4.0
Kevin Fiala,2023,LAK,LW,69,23.0,49.0,2349.0,0.0,2.0
Gabriel Vilardi,2023,LAK,C,63,23.0,18.0,2318.0,0.0,10.0
Tyler Toffoli,2023,CGY,C,82,34.0,39.0,3439.0,0.0,16.0
Nazem Kadri,2023,CGY,C,82,24.0,32.0,2432.0,0.0,-19.0
Elias Lindholm,2023,CGY,C,80,22.0,42.0,2242.0,0.0,6.0
Mikael Backlund,2023,CGY,C,82,19.0,37.0,1937.0,0.0,24.0
Dillon Dubé,2023,CGY,C,82,18.0,27.0,1827.0,0.0,-6.0
Player,2023,Tm,Pos,GP,0.0,0.0,0.0,0.0,0.0
Player,2023,Tm,Pos,GP,0.0,0.0,0.0,0.0,0.0
Player,2023,Tm,Pos,GP,0.0,0.0,0.0,0.0,0.0
Player,2023,Tm,Pos,GP,0.0,0.0,0.0,0.0,0.0
Player,2023,Tm,Pos,GP,0.0,0.0,0.0,0.0,0.0
Boone Jenner,2023,CBJ,C,68,26.0,19.0,2619.0,0.0,-32.0
Patrik Laine,2023,CBJ,RW,55,22.0,30.0,2230.0,0.0,-12.0
Johnny Gaudreau,2023,CBJ,LW,80,21.0,53.0,2153.0,0.0,-33.0
Kent Johnson,2023,CBJ,C,79,16.0,24.0,1624.0,0.0,-19.0
Eric Robinson,2023,CBJ,LW,72,12.0,12.0,1212.0,0.0,-21.0
Mark Scheifele,2023,WPG,C,81,42.0,26.0,4226.0,0.0,-16.0
Kyle Connor,2023,WPG,LW,82,31.0,49.0,3149.0,0.0,-11.0
Pierre-Luc Dubois,2023,WPG,LW,73,27.0,36.0,2736.0,0.0,5.0
Josh Morrissey,2023,WPG,D,78,16.0,60.0,1660.0,0.0,2.0
Blake Wheeler,2023,WPG,RW,72,16.0,39.0,1639.0,0.0,-3.0
Jake Guentzel,2023,PIT,C,78,36.0,37.0,3637.0,0.0,2.0
Sidney Crosby,2023,PIT,C,82,33.0,60.0,3360.0,0.0,8.0
Rickard Rakell,2023,PIT,RW,82,28.0,32.0,2832.0,0.0,-5.0
Evgeni Malkin,2023,PIT,C,82,27.0,56.0,2756.0,0.0,-12.0
Jason Zucker,2023,PIT,LW,78,27.0,21.0,2721.0,0.0,-4.0
Tage Thompson,2023,BUF,C,78,47.0,47.0,4747.0,0.0,4.0
Alex Tuch,2023,BUF,RW,74,36.0,43.0,3643.0,0.0,14.0
Jeff Skinner,2023,BUF,LW,79,35.0,47.0,3547.0,0.0,15.0
Dylan Cozens,2023,BUF,C,81,31.0,37.0,3137.0,0.0,-3.0
Victor Olofsson,2023,BUF,RW,75,28.0,12.0,2812.0,0.0,-23.0
Jack Hughes,2023,NJD,C,78,43.0,56.0,4356.0,0.0,10.0
Jesper Bratt,2023,NJD,W,82,32.0,41.0,3241.0,0.0,14.0
Nico Hischier,2023,NJD,C,81,31.0,49.0,3149.0,0.0,33.0
Dawson Mercer,2023,NJD,C,82,27.0,29.0,2729.0,0.0,22.0
Dougie Hamilton,2023,NJD,D,82,22.0,52.0,2252.0,0.0,23.0
Carter Verhaeghe,2023,FLA,C,81,42.0,31.0,4231.0,0.0,10.0
Matthew Tkachuk,2023,FLA,LW,79,40.0,69.0,4069.0,0.0,29.0
Sam Reinhart,2023,FLA,C,82,31.0,36.0,3136.0,0.0,-12.0
Aleksander Barkov,2023,FLA,C,68,23.0,55.0,2355.0,0.0,10.0
Eetu Luostarinen,2023,FLA,C,82,17.0,26.0,1726.0,0.0,19.0
Brayden Point,2023,TBL,C,82,51.0,44.0,5144.0,0.0,2.0
Steven Stamkos,2023,TBL,C,81,34.0,50.0,3450.0,0.0,-5.0
Nikita Kucherov,2023,TBL,RW,82,30.0,83.0,3083.0,0.0,-2.0
Brandon Hagel,2023,TBL,LW,81,30.0,34.0,3034.0,0.0,23.0
Alex Killorn,2023,TBL,C,82,27.0,37.0,2737.0,0.0,18.0
Connor McDavid,2023,EDM,C,82,64.0,89.0,6489.0,0.0,22.0
Leon Draisaitl,2023,EDM,C,80,52.0,76.0,5276.0,0.0,7.0
Ryan Nugent-Hopkins,2023,EDM,C,82,37.0,67.0,3767.0,0.0,12.0
Zach Hyman,2023,EDM,LW,79,36.0,47.0,3647.0,0.0,13.0
Evander Kane,2023,EDM,LW,41,16.0,12.0,1612.0,0.0,-4.0
Tim Stützle,2023,OTT,LW,78,39.0,51.0,3951.0,0.0,-3.0
Brady Tkachuk,2023,OTT,LW,82,35.0,48.0,3548.0,0.0,-10.0
Claude Giroux,2023,OTT,C,82,35.0,44.0,3544.0,0.0,4.0
Alex DeBrincat,2023,OTT,RW,82,27.0,39.0,2739.0,0.0,-31.0
Drake Batherson,2023,OTT,C,82,22.0,40.0,2240.0,0.0,-35.0
Trevor Zegras,2023,ANA,C,81,23.0,42.0,2342.0,0.0,-24.0
Troy Terry,2023,ANA,C,70,23.0,38.0,2338.0,0.0,-8.0
Frank Vatrano,2023,ANA,LW,81,22.0,19.0,2219.0,0.0,-29.0
Adam Henrique,2023,ANA,C,62,22.0,16.0,2216.0,0.0,-8.0
Mason McTavish,2023,ANA,C,80,17.0,26.0,1726.0,0.0,-19.0
Jared McCann,2023,SEA,C,79,40.0,30.0,4030.0,0.0,18.0
Matthew Beniers,2023,SEA,C,80,24.0,33.0,2433.0,0.0,14.0
Daniel Sprong,2023,SEA,RW,66,21.0,25.0,2125.0,0.0,13.0
Jaden Schwartz,2023,SEA,C,71,21.0,19.0,2119.0,0.0,-17.0
Jordan Eberle,2023,SEA,RW,82,20.0,43.0,2043.0,0.0,6.0
Jason Robertson,2023,DAL,LW,82,46.0,63.0,4663.0,0.0,37.0
Roope Hintz,2023,DAL,LW,73,37.0,38.0,3738.0,0.0,31.0
Jamie Benn,2023,DAL,LW,82,33.0,45.0,3345.0,0.0,23.0
Joe Pavelski,2023,DAL,C,82,28.0,49.0,2849.0,0.0,42.0
Wyatt Johnston,2023,DAL,C,82,24.0,17.0,2417.0,0.0,6.0
David Pastrňák,2023,BOS,RW,82,61.0,52.0,6152.0,0.0,34.0
Patrice Bergeron,2023,BOS,C,78,27.0,31.0,2731.0,0.0,35.0
Jake DeBrusk,2023,BOS,LW,64,27.0,23.0,2723.0,0.0,26.0
Brad Marchand,2023,BOS,LW,73,21.0,46.0,2146.0,0.0,27.0
Pavel Zacha,2023,BOS,C,82,21.0,36.0,2136.0,0.0,26.0
Dylan Larkin,2023,DET,C,80,32.0,47.0,3247.0,0.0,-7.0
David Perron,2023,DET,LW,82,24.0,32.0,2432.0,0.0,-7.0
Dominik Kubalík,2023,DET,LW,81,20.0,25.0,2025.0,0.0,-15.0
Lucas Raymond,2023,DET,LW,74,17.0,28.0,1728.0,0.0,-17.0
Jonatan Berggren,2023,DET,RW,67,15.0,13.0,1513.0,0.0,-14.0
Clayton Keller,2023,ARI,C,82,37.0,49.0,3749.0,0.0,-2.0
Lawson Crouse,2023,ARI,LW,77,24.0,21.0,2421.0,0.0,-3.0
Nick Schmaltz,2023,ARI,C,63,22.0,36.0,2236.0,0.0,4.0
Barrett Hayton,2023,ARI,C,82,19.0,24.0,1924.0,0.0,-5.0
Travis Boyd,2023,ARI,C,82,15.0,19.0,1519.0,0.0,-32.0
Mika Zibanejad,2023,NYR,C,82,39.0,52.0,3952.0,0.0,25.0
Chris Kreider,2023,NYR,LW,79,36.0,18.0,3618.0,0.0,21.0
Artemi Panarin,2023,NYR,LW,82,29.0,63.0,2963.0,0.0,4.0
Vincent Trocheck,2023,NYR,C,82,22.0,42.0,2242.0,0.0,3.0
Filip Chytil,2023,NYR,C,74,22.0,23.0,2223.0,0.0,15.0
Mikko Rantanen,2023,COL,RW,82,55.0,50.0,5550.0,0.0,15.0
Nathan MacKinnon,2023,COL,C,71,42.0,69.0,4269.0,0.0,29.0
Artturi Lehkonen,2023,COL,LW,64,21.0,30.0,2130.0,0.0,8.0
Cale Makar,2023,COL,D,60,17.0,49.0,1749.0,0.0,16.0
J.T. Compher,2023,COL,LW,82,17.0,35.0,1735.0,0.0,8.0
Auston Matthews,2022,TOR,C,73,60.0,46.0,6046.0,0.0,20.0
Mitch Marner,2022,TOR,RW,72,35.0,62.0,3562.0,0.0,23.0
William Nylander,2022,TOR,C,81,34.0,46.0,3446.0,0.0,-9.0
John Tavares,2022,TOR,C,79,27.0,49.0,2749.0,0.0,-8.0
Michael Bunting,2022,TOR,LW,79,23.0,40.0,2340.0,0.0,27.0
Aleksander Barkov,2022,FLA,C,67,39.0,49.0,3949.0,0.0,36.0
Sam Reinhart,2022,FLA,C,78,33.0,49.0,3349.0,0.0,25.0
Anthony Duclair,2022,FLA,LW,74,31.0,27.0,3127.0,0.0,19.0
Jonathan Huberdeau,2022,FLA,LW,80,30.0,85.0,3085.0,0.0,35.0
Sam Bennett,2022,FLA,C,71,28.0,21.0,2821.0,0.0,27.0
Kirill Kaprizov,2022,MIN,LW,81,47.0,61.0,4761.0,0.0,27.0
Ryan Hartman,2022,MIN,RW,82,34.0,31.0,3431.0,0.0,31.0
Kevin Fiala,2022,MIN,LW,82,33.0,52.0,3352.0,0.0,23.0
Joel Eriksson Ek,2022,MIN,C,77,26.0,23.0,2623.0,0.0,16.0
Mats Zuccarello,2022,MIN,LW,70,24.0,55.0,2455.0,0.0,21.0
Joshua Norris,2022,OTT,C,66,35.0,20.0,3520.0,0.0,-7.0
Brady Tkachuk,2022,OTT,LW,79,30.0,37.0,3037.0,0.0,-7.0
Tim Stützle,2022,OTT,LW,79,22.0,36.0,2236.0,0.0,-27.0
Alex Formenton,2022,OTT,LW,79,18.0,14.0,1814.0,0.0,-13.0
Drake Batherson,2022,OTT,C,46,17.0,27.0,1727.0,0.0,4.0
David Pastrňák,2022,BOS,RW,72,40.0,37.0,4037.0,0.0,13.0
Brad Marchand,2022,BOS,LW,70,32.0,48.0,3248.0,0.0,16.0
Patrice Bergeron,2022,BOS,C,73,25.0,40.0,2540.0,0.0,26.0
Jake DeBrusk,2022,BOS,LW,77,25.0,17.0,2517.0,0.0,6.0
Taylor Hall,2022,BOS,LW,81,20.0,41.0,2041.0,0.0,11.0
Sebastian Aho,2022,CAR,F,79,37.0,44.0,3744.0,0.0,18.0
Andrei Svechnikov,2022,CAR,RW,78,30.0,39.0,3039.0,0.0,19.0
Nino Niederreiter,2022,CAR,RW,75,24.0,20.0,2420.0,0.0,29.0
Teuvo Teräväinen,2022,CAR,F,77,22.0,43.0,2243.0,0.0,22.0
Vincent Trocheck,2022,CAR,C,81,21.0,30.0,2130.0,0.0,21.0
Brock Nelson,2022,NYI,C,72,37.0,22.0,3722.0,0.0,-5.0
Anders Lee,2022,NYI,LW,76,28.0,18.0,2818.0,0.0,-11.0
Jean-Gabriel Pageau,2022,NYI,C,77,18.0,21.0,1821.0,0.0,0.0
Mathew Barzal,2022,NYI,C,73,15.0,44.0,1544.0,0.0,-15.0
Zach Parise,2022,NYI,LW,82,15.0,20.0,1520.0,0.0,-2.0
Alex Ovechkin,2022,WSH,LW,77,50.0,40.0,5040.0,0.0,8.0
Evgeny Kuznetsov,2022,WSH,C,79,24.0,54.0,2454.0,0.0,7.0
Tom Wilson,2022,WSH,RW,78,24.0,28.0,2428.0,0.0,13.0
Conor Sheary,2022,WSH,LW,71,19.0,24.0,1924.0,0.0,-2.0
John Carlson,2022,WSH,D,78,17.0,54.0,1754.0,0.0,13.0
James van Riemsdyk,2022,PHI,LW,82,24.0,14.0,2414.0,0.0,-33.0
Cam Atkinson,2022,PHI,RW,73,23.0,27.0,2327.0,0.0,-2.0
Claude Giroux,2022,PHI,C,57,18.0,24.0,1824.0,0.0,-12.0
Joel Farabee,2022,PHI,LW,63,17.0,17.0,1717.0,0.0,-11.0
Travis Konecny,2022,PHI,C,79,16.0,36.0,1636.0,0.0,-23.0
Brandon Hagel,2022,TOT,LW,77,25.0,19.0,2519.0,0.0,-18.0
Claude Giroux,2022,TOT,C,75,21.0,44.0,2144.0,0.0,-5.0
Andrew Copp,2022,TOT,C,72,21.0,32.0,2132.0,0.0,15.0
Tyler Toffoli,2022,TOT,C,74,20.0,29.0,2029.0,0.0,-5.0
Rickard Rakell,2022,TOT,RW,70,20.0,21.0,2021.0,0.0,0.0
Jonathan Marchessault,2022,VEG,C,76,30.0,36.0,3036.0,0.0,3.0
Chandler Stephenson,2022,VEG,C,79,21.0,43.0,2143.0,0.0,5.0
Evgenii Dadonov,2022,VEG,RW,78,20.0,23.0,2023.0,0.0,4.0
Max Pacioretty,2022,VEG,LW,39,19.0,18.0,1918.0,0.0,8.0
Reilly Smith,2022,VEG,RW,56,16.0,22.0,1622.0,0.0,4.0
Cole Caufield,2022,MTL,RW,67,23.0,20.0,2320.0,0.0,-24.0
Nick Suzuki,2022,MTL,C,82,21.0,40.0,2140.0,0.0,-29.0
Josh Anderson,2022,MTL,RW,69,19.0,13.0,1913.0,0.0,-25.0
Mike Hoffman,2022,MTL,C,67,15.0,20.0,1520.0,0.0,-24.0
Artturi Lehkonen,2022,MTL,LW,58,13.0,16.0,1316.0,0.0,0.0
Adrian Kempe,2022,LAK,LW,78,35.0,19.0,3519.0,0.0,-2.0
Phillip Danault,2022,LAK,C,79,27.0,24.0,2724.0,0.0,14.0
Viktor Arvidsson,2022,LAK,LW,66,20.0,29.0,2029.0,0.0,1.0
Anže Kopitar,2022,LAK,C,81,19.0,48.0,1948.0,0.0,-6.0
Trevor Moore,2022,LAK,LW,81,17.0,31.0,1731.0,0.0,20.0
Matthew Tkachuk,2022,CGY,RW,82,42.0,62.0,4262.0,0.0,57.0
Elias Lindholm,2022,CGY,C,82,42.0,40.0,4240.0,0.0,61.0
Johnny Gaudreau,2022,CGY,LW,82,40.0,75.0,4075.0,0.0,64.0
Andrew Mangiapane,2022,CGY,LW,82,35.0,20.0,3520.0,0.0,20.0
Dillon Dubé,2022,CGY,C,79,18.0,14.0,1814.0,0.0,1.0
Jake Guentzel,2022,PIT,C,76,40.0,44.0,4044.0,0.0,13.0
Sidney Crosby,2022,PIT,C,69,31.0,53.0,3153.0,0.0,19.0
Bryan Rust,2022,PIT,RW,60,24.0,34.0,2434.0,0.0,7.0
Evgeni Malkin,2022,PIT,C,41,20.0,22.0,2022.0,0.0,-10.0
Jeff Carter,2022,PIT,C,76,19.0,26.0,1926.0,0.0,-8.0
Jared McCann,2022,SEA,C,74,27.0,23.0,2723.0,0.0,-26.0
Yanni Gourde,2022,SEA,C,74,21.0,27.0,2127.0,0.0,-13.0
Jordan Eberle,2022,SEA,RW,79,21.0,23.0,2123.0,0.0,-28.0
Ryan Donato,2022,SEA,C,74,16.0,15.0,1615.0,0.0,-13.0
Calle Järnkrok,2022,SEA,C,49,12.0,14.0,1214.0,0.0,-15.0
Kyle Connor,2022,WPG,LW,79,47.0,46.0,4746.0,0.0,-3.0
Mark Scheifele,2022,WPG,C,67,29.0,41.0,2941.0,0.0,-17.0
Pierre-Luc Dubois,2022,WPG,LW,81,28.0,32.0,2832.0,0.0,-6.0
Nikolaj Ehlers,2022,WPG,LW,62,28.0,27.0,2827.0,0.0,18.0
Paul Stastny,2022,WPG,C,71,21.0,24.0,2124.0,0.0,14.0
Leon Draisaitl,2022,EDM,C,80,55.0,55.0,5555.0,0.0,17.0
Connor McDavid,2022,EDM,C,80,44.0,79.0,4479.0,0.0,28.0
Zach Hyman,2022,EDM,C,76,27.0,27.0,2727.0,0.0,-9.0
Evander Kane,2022,EDM,LW,43,22.0,17.0,2217.0,0.0,25.0
Kailer Yamamoto,2022,EDM,RW,81,20.0,21.0,2021.0,0.0,-1.0
Player,2022,Tm,Pos,GP,0.0,0.0,0.0,0.0,0.0
Player,2022,Tm,Pos,GP,0.0,0.0,0.0,0.0,0.0
Player,2022,Tm,Pos,GP,0.0,0.0,0.0,0.0,0.0
Player,2022,Tm,Pos,GP,0.0,0.0,0.0,0.0,0.0
Player,2022,Tm,Pos,GP,0.0,0.0,0.0,0.0,0.0
Tage Thompson,2022,BUF,C,78,38.0,30.0,3830.0,0.0,-17.0
Jeff Skinner,2022,BUF,LW,80,33.0,30.0,3330.0,0.0,-14.0
Kyle Okposo,2022,BUF,RW,74,21.0,24.0,2124.0,0.0,-15.0
Victor Olofsson,2022,BUF,RW,72,20.0,29.0,2029.0,0.0,-16.0
Rasmus Dahlin,2022,BUF,D,80,13.0,40.0,1340.0,0.0,-22.0
Troy Terry,2022,ANA,C,75,37.0,30.0,3730.0,0.0,-11.0
Trevor Zegras,2022,ANA,C,75,23.0,38.0,2338.0,0.0,-21.0
Adam Henrique,2022,ANA,C,58,19.0,23.0,1923.0,0.0,-2.0
Isac Lundeström,2022,ANA,C,80,16.0,13.0,1613.0,0.0,-3.0
Rickard Rakell,2022,ANA,RW,51,16.0,12.0,1612.0,0.0,-7.0
Mikko Rantanen,2022,COL,RW,75,36.0,56.0,3656.0,0.0,35.0
Nathan MacKinnon,2022,COL,C,65,32.0,56.0,3256.0,0.0,22.0
Gabriel Landeskog,2022,COL,LW,51,30.0,29.0,3029.0,0.0,27.0
Nazem Kadri,2022,COL,C,71,28.0,59.0,2859.0,0.0,13.0
Cale Makar,2022,COL,D,77,28.0,58.0,2858.0,0.0,48.0
Jesper Bratt,2022,NJD,W,76,26.0,47.0,2647.0,0.0,0.0
Jack Hughes,2022,NJD,C,49,26.0,30.0,2630.0,0.0,-16.0
Yegor Sharangovich,2022,NJD,C,76,24.0,22.0,2422.0,0.0,-14.0
Nico Hischier,2022,NJD,C,70,21.0,39.0,2139.0,0.0,-1.0
Dawson Mercer,2022,NJD,C,82,17.0,25.0,1725.0,0.0,-25.0
J.T. Miller,2022,VAN,C,80,32.0,67.0,3267.0,0.0,15.0
Elias Pettersson,2022,VAN,C,80,32.0,36.0,3236.0,0.0,1.0
Bo Horvat,2022,VAN,C,70,31.0,21.0,3121.0,0.0,3.0
Brock Boeser,2022,VAN,RW,71,23.0,23.0,2323.0,0.0,-5.0
Conor Garland,2022,VAN,RW,77,19.0,33.0,1933.0,0.0,18.0
Timo Meier,2022,SJS,RW,77,35.0,41.0,3541.0,0.0,-3.0
Tomáš Hertl,2022,SJS,C,82,30.0,34.0,3034.0,0.0,-9.0
Logan Couture,2022,SJS,C,77,23.0,33.0,2333.0,0.0,-11.0
Nick Bonino,2022,SJS,C,80,16.0,10.0,1610.0,0.0,-25.0
Jonathan Dahlén,2022,SJS,C,61,12.0,10.0,1210.0,0.0,-25.0
Vladimir Tarasenko,2022,STL,RW,75,34.0,48.0,3448.0,0.0,7.0
Pavel Buchnevich,2022,STL,LW,73,30.0,46.0,3046.0,0.0,29.0
Jordan Kyrou,2022,STL,C,74,27.0,48.0,2748.0,0.0,10.0
David Perron,2022,STL,LW,67,27.0,30.0,2730.0,0.0,8.0
Ivan Barbashev,2022,STL,C,81,26.0,34.0,2634.0,0.0,4.0
Dylan Larkin,2022,DET,C,71,31.0,38.0,3138.0,0.0,-18.0
Tyler Bertuzzi,2022,DET,LW,68,30.0,32.0,3032.0,0.0,-11.0
Lucas Raymond,2022,DET,LW,82,23.0,34.0,2334.0,0.0,-32.0
Robby Fabbri,2022,DET,C,56,17.0,13.0,1713.0,0.0,-23.0
Pius Suter,2022,DET,F,82,15.0,21.0,1521.0,0.0,-11.0
Steven Stamkos,2022,TBL,C,81,42.0,64.0,4264.0,0.0,24.0
Brayden Point,2022,TBL,C,66,28.0,30.0,2830.0,0.0,-5.0
Nikita Kucherov,2022,TBL,RW,47,25.0,44.0,2544.0,0.0,1.0
Alex Killorn,2022,TBL,C,82,25.0,34.0,2534.0,0.0,1.0
Ross Colton,2022,TBL,C,79,22.0,17.0,2217.0,0.0,4.0
Chris Kreider,2022,NYR,LW,81,52.0,25.0,5225.0,0.0,19.0
Mika Zibanejad,2022,NYR,C,81,29.0,52.0,2952.0,0.0,30.0
Artemi Panarin,2022,NYR,LW,75,22.0,74.0,2274.0,0.0,21.0
Ryan Strome,2022,NYR,C,74,21.0,33.0,2133.0,0.0,15.0
Alexis Lafrenière,2022,NYR,LW,79,19.0,12.0,1912.0,0.0,2.0
Oliver Bjorkstrand,2022,CBJ,RW,80,28.0,29.0,2829.0,0.0,-35.0
Patrik Laine,2022,CBJ,RW,56,26.0,30.0,2630.0,0.0,-7.0
Boone Jenner,2022,CBJ,C,59,23.0,21.0,2321.0,0.0,-11.0
Jack Roslovic,2022,CBJ,C,81,22.0,23.0,2223.0,0.0,2.0
Gustav Nyquist,2022,CBJ,RW,82,18.0,35.0,1835.0,0.0,-12.0
Clayton Keller,2022,ARI,C,67,28.0,35.0,2835.0,0.0,3.0
Nick Schmaltz,2022,ARI,C,63,23.0,36.0,2336.0,0.0,1.0
Lawson Crouse,2022,ARI,LW,65,20.0,14.0,2014.0,0.0,-9.0
Travis Boyd,2022,ARI,C,74,17.0,18.0,1718.0,0.0,-10.0
Shayne Gostisbehere,2022,ARI,D,82,14.0,37.0,1437.0,0.0,-23.0
Alex DeBrincat,2022,CHI,RW,82,41.0,37.0,4137.0,0.0,-13.0
Patrick Kane,2022,CHI,RW,78,26.0,66.0,2666.0,0.0,-19.0
Dylan Strome,2022,CHI,C,69,22.0,26.0,2226.0,0.0,-6.0
Brandon Hagel,2022,CHI,LW,55,21.0,16.0,2116.0,0.0,-14.0
Dominik Kubalík,2022,CHI,LW,78,15.0,17.0,1517.0,0.0,-16.0
Jason Robertson,2022,DAL,LW,74,41.0,38.0,4138.0,0.0,16.0
Roope Hintz,2022,DAL,LW,80,37.0,35.0,3735.0,0.0,15.0
Joe Pavelski,2022,DAL,C,82,27.0,54.0,2754.0,0.0,11.0
Tyler Seguin,2022,DAL,C,81,24.0,25.0,2425.0,0.0,-21.0
Jamie Benn,2022,DAL,LW,82,18.0,28.0,1828.0,0.0,-13.0
Matt Duchene,2022,NSH,C,78,43.0,43.0,4343.0,0.0,6.0
Filip Forsberg,2022,NSH,C,69,42.0,42.0,4242.0,0.0,12.0
Ryan Johansen,2022,NSH,C,79,26.0,37.0,2637.0,0.0,-2.0
Tanner Jeannot,2022,NSH,F,81,24.0,17.0,2417.0,0.0,2.0
Roman Josi,2022,NSH,D,80,23.0,73.0,2373.0,0.0,13.0
Connor Brown,2021,OTT,RW,56,21.0,14.0,2114.0,0.0,1.0
Brady Tkachuk,2021,OTT,LW,56,17.0,19.0,1719.0,0.0,-17.0
Joshua Norris,2021,OTT,C,56,17.0,18.0,1718.0,0.0,-12.0
Drake Batherson,2021,OTT,C,56,17.0,17.0,1717.0,0.0,-17.0
Tim Stützle,2021,OTT,LW,53,12.0,17.0,1217.0,0.0,-18.0
Aleksander Barkov,2021,FLA,C,50,26.0,32.0,2632.0,0.0,12.0
Jonathan Huberdeau,2021,FLA,LW,55,20.0,41.0,2041.0,0.0,12.0
Carter Verhaeghe,2021,FLA,C,43,18.0,18.0,1818.0,0.0,24.0
Alexander Wennberg,2021,FLA,C,56,17.0,12.0,1712.0,0.0,6.0
Patric Hörnqvist,2021,FLA,RW,44,14.0,18.0,1418.0,0.0,-3.0
Kirill Kaprizov,2021,MIN,LW,55,27.0,24.0,2724.0,0.0,10.0
Kevin Fiala,2021,MIN,LW,50,20.0,20.0,2020.0,0.0,-2.0
Joel Eriksson Ek,2021,MIN,C,56,19.0,11.0,1911.0,0.0,16.0
Mats Zuccarello,2021,MIN,LW,42,11.0,24.0,1124.0,0.0,9.0
Marcus Foligno,2021,MIN,LW,39,11.0,15.0,1115.0,0.0,19.0
Auston Matthews,2021,TOR,C,52,41.0,25.0,4125.0,0.0,21.0
Mitch Marner,2021,TOR,RW,55,20.0,47.0,2047.0,0.0,21.0
John Tavares,2021,TOR,C,56,19.0,31.0,1931.0,0.0,12.0
William Nylander,2021,TOR,C,51,17.0,25.0,1725.0,0.0,10.0
Zach Hyman,2021,TOR,C,43,15.0,18.0,1518.0,0.0,19.0
Max Comtois,2021,ANA,LW,55,16.0,17.0,1617.0,0.0,3.0
Rickard Rakell,2021,ANA,RW,52,9.0,19.0,919.0,0.0,-14.0
Troy Terry,2021,ANA,C,48,7.0,13.0,713.0,0.0,-1.0
Cam Fowler,2021,ANA,D,56,5.0,18.0,518.0,0.0,-4.0
Ryan Getzlaf,2021,ANA,C,48,5.0,12.0,512.0,0.0,-14.0
Brad Marchand,2021,BOS,LW,53,29.0,40.0,2940.0,0.0,26.0
Patrice Bergeron,2021,BOS,C,54,23.0,25.0,2325.0,0.0,27.0
David Pastrňák,2021,BOS,RW,48,20.0,28.0,2028.0,0.0,10.0
Nick Ritchie,2021,BOS,LW,56,15.0,11.0,1511.0,0.0,-7.0
Craig Smith,2021,BOS,C,54,13.0,19.0,1319.0,0.0,21.0
Sebastian Aho,2021,CAR,F,56,24.0,33.0,2433.0,0.0,16.0
Nino Niederreiter,2021,CAR,RW,56,20.0,14.0,2014.0,0.0,20.0
Vincent Trocheck,2021,CAR,C,47,17.0,26.0,1726.0,0.0,-3.0
Jordan Staal,2021,CAR,C,53,16.0,22.0,1622.0,0.0,2.0
Andrei Svechnikov,2021,CAR,RW,55,15.0,27.0,1527.0,0.0,1.0
Brock Nelson,2021,NYI,C,56,18.0,15.0,1815.0,0.0,-5.0
Mathew Barzal,2021,NYI,C,55,17.0,28.0,1728.0,0.0,15.0
Jordan Eberle,2021,NYI,RW,55,16.0,17.0,1617.0,0.0,9.0
Anthony Beauvillier,2021,NYI,LW,47,15.0,13.0,1513.0,0.0,15.0
Jean-Gabriel Pageau,2021,NYI,C,54,14.0,14.0,1414.0,0.0,10.0
Calle Järnkrok,2021,NSH,C,49,13.0,15.0,1315.0,0.0,13.0
Mikael Granlund,2021,NSH,C,51,13.0,14.0,1314.0,0.0,-1.0
Filip Forsberg,2021,NSH,C,39,12.0,20.0,1220.0,0.0,-9.0
Eeli Tolvanen,2021,NSH,RW,40,11.0,11.0,1111.0,0.0,-10.0
Viktor Arvidsson,2021,NSH,LW,50,10.0,15.0,1015.0,0.0,9.0
Joel Farabee,2021,PHI,LW,55,20.0,18.0,2018.0,0.0,0.0
Sean Couturier,2021,PHI,C,45,18.0,23.0,1823.0,0.0,-4.0
James van Riemsdyk,2021,PHI,LW,56,17.0,26.0,1726.0,0.0,2.0
Claude Giroux,2021,PHI,C,54,16.0,27.0,1627.0,0.0,-4.0
Kevin Hayes,2021,PHI,RW,55,12.0,19.0,1219.0,0.0,-2.0
Dustin Brown,2021,LAK,RW,49,17.0,14.0,1714.0,0.0,-3.0
Adrian Kempe,2021,LAK,LW,56,14.0,15.0,1415.0,0.0,-18.0
Anže Kopitar,2021,LAK,C,56,13.0,37.0,1337.0,0.0,-7.0
Alex Iafallo,2021,LAK,C,55,13.0,17.0,1317.0,0.0,-8.0
Trevor Moore,2021,LAK,LW,56,10.0,13.0,1013.0,0.0,-5.0
Jakub Vrána,2021,TOT,LW,50,19.0,17.0,1917.0,0.0,10.0
Jeff Carter,2021,TOT,C,54,17.0,13.0,1713.0,0.0,3.0
Anthony Mantha,2021,TOT,RW,56,15.0,14.0,1514.0,0.0,-14.0
Patrik Laine,2021,TOT,RW,46,12.0,12.0,1212.0,0.0,-28.0
Mattias Janmark,2021,TOT,C,56,11.0,13.0,1113.0,0.0,-12.0
Tyler Toffoli,2021,MTL,C,52,28.0,16.0,2816.0,0.0,0.0
Nick Suzuki,2021,MTL,C,56,15.0,26.0,1526.0,0.0,-5.0
Jeff Petry,2021,MTL,D,55,12.0,30.0,1230.0,0.0,6.0
Tomáš Tatar,2021,MTL,LW,50,10.0,20.0,1020.0,0.0,0.0
Corey Perry,2021,MTL,RW,49,9.0,12.0,912.0,0.0,-4.0
Johnny Gaudreau,2021,CGY,LW,56,19.0,30.0,1930.0,0.0,2.0
Elias Lindholm,2021,CGY,C,56,19.0,28.0,1928.0,0.0,10.0
Andrew Mangiapane,2021,CGY,LW,56,18.0,14.0,1814.0,0.0,1.0
Matthew Tkachuk,2021,CGY,LW,56,16.0,27.0,1627.0,0.0,6.0
Dillon Dubé,2021,CGY,C,51,11.0,11.0,1111.0,0.0,-1.0
Player,2021,Tm,Pos,GP,0.0,0.0,0.0,0.0,0.0
Player,2021,Tm,Pos,GP,0.0,0.0,0.0,0.0,0.0
Player,2021,Tm,Pos,GP,0.0,0.0,0.0,0.0,0.0
Player,2021,Tm,Pos,GP,0.0,0.0,0.0,0.0,0.0
Player,2021,Tm,Pos,GP,0.0,0.0,0.0,0.0,0.0
Sidney Crosby,2021,PIT,C,55,24.0,38.0,2438.0,0.0,8.0
Jake Guentzel,2021,PIT,C,56,23.0,34.0,2334.0,0.0,7.0
Bryan Rust,2021,PIT,RW,56,22.0,20.0,2220.0,0.0,9.0
Jared McCann,2021,PIT,C,43,14.0,18.0,1418.0,0.0,17.0
Kasperi Kapanen,2021,PIT,RW,40,11.0,19.0,1119.0,0.0,15.0
Kyle Connor,2021,WPG,LW,56,26.0,24.0,2624.0,0.0,-4.0
Mark Scheifele,2021,WPG,C,56,21.0,42.0,2142.0,0.0,-4.0
Nikolaj Ehlers,2021,WPG,LW,47,21.0,25.0,2125.0,0.0,15.0
Blake Wheeler,2021,WPG,RW,50,15.0,31.0,1531.0,0.0,-17.0
Andrew Copp,2021,WPG,C,55,15.0,24.0,1524.0,0.0,2.0
Connor McDavid,2021,EDM,C,56,33.0,72.0,3372.0,0.0,21.0
Leon Draisaitl,2021,EDM,C,56,31.0,53.0,3153.0,0.0,29.0
Darnell Nurse,2021,EDM,D,56,16.0,20.0,1620.0,0.0,27.0
Ryan Nugent-Hopkins,2021,EDM,C,52,16.0,19.0,1619.0,0.0,-4.0
Jesse Puljujärvi,2021,EDM,RW,55,15.0,10.0,1510.0,0.0,6.0
Sam Reinhart,2021,BUF,C,54,25.0,15.0,2515.0,0.0,-28.0
Victor Olofsson,2021,BUF,RW,56,13.0,19.0,1319.0,0.0,-23.0
Casey Mittelstadt,2021,BUF,C,41,10.0,12.0,1012.0,0.0,-10.0
Rasmus Dahlin,2021,BUF,D,56,5.0,18.0,518.0,0.0,-36.0
Rasmus Ristolainen,2021,BUF,D,49,4.0,14.0,414.0,0.0,-18.0
Oliver Bjorkstrand,2021,CBJ,RW,56,18.0,26.0,1826.0,0.0,-15.0
Cam Atkinson,2021,CBJ,RW,56,15.0,19.0,1519.0,0.0,-16.0
Jack Roslovic,2021,CBJ,C,48,12.0,22.0,1222.0,0.0,-11.0
Patrik Laine,2021,CBJ,RW,45,10.0,11.0,1011.0,0.0,-29.0
Max Domi,2021,CBJ,LW,54,9.0,15.0,915.0,0.0,-18.0
Alex Ovechkin,2021,WSH,LW,45,24.0,18.0,2418.0,0.0,-7.0
T.J. Oshie,2021,WSH,C,53,22.0,21.0,2221.0,0.0,-3.0
Nicklas Bäckström,2021,WSH,C,55,15.0,38.0,1538.0,0.0,0.0
Tom Wilson,2021,WSH,RW,47,13.0,20.0,1320.0,0.0,1.0
Jakub Vrána,2021,WSH,LW,39,11.0,14.0,1114.0,0.0,9.0
Pavel Zacha,2021,NJD,C,50,17.0,18.0,1718.0,0.0,-11.0
Yegor Sharangovich,2021,NJD,C,54,16.0,14.0,1614.0,0.0,-4.0
Jack Hughes,2021,NJD,C,56,11.0,20.0,1120.0,0.0,-3.0
Janne Kuokkanen,2021,NJD,C,50,8.0,17.0,817.0,0.0,-11.0
Jesper Bratt,2021,NJD,W,46,7.0,23.0,723.0,0.0,4.0
Brock Boeser,2021,VAN,RW,56,23.0,26.0,2326.0,0.0,-3.0
Bo Horvat,2021,VAN,C,56,19.0,20.0,1920.0,0.0,-6.0
J.T. Miller,2021,VAN,C,53,15.0,31.0,1531.0,0.0,-7.0
Nils Höglander,2021,VAN,LW,56,13.0,14.0,1314.0,0.0,-4.0
Elias Pettersson,2021,VAN,C,26,10.0,11.0,1011.0,0.0,0.0
Evander Kane,2021,SJS,LW,56,22.0,27.0,2227.0,0.0,-1.0
Tomáš Hertl,2021,SJS,C,50,19.0,24.0,1924.0,0.0,1.0
Logan Couture,2021,SJS,C,53,17.0,14.0,1714.0,0.0,-10.0
Timo Meier,2021,SJS,RW,54,12.0,19.0,1219.0,0.0,-7.0
Kevin Labanc,2021,SJS,RW,55,12.0,16.0,1216.0,0.0,-9.0
Ryan O'Reilly,2021,STL,C,56,24.0,30.0,2430.0,0.0,26.0
David Perron,2021,STL,LW,56,19.0,39.0,1939.0,0.0,6.0
Mike Hoffman,2021,STL,C,52,17.0,19.0,1719.0,0.0,2.0
Brayden Schenn,2021,STL,C,56,16.0,20.0,1620.0,0.0,-2.0
Jordan Kyrou,2021,STL,C,55,14.0,21.0,1421.0,0.0,1.0
Brayden Point,2021,TBL,C,56,23.0,25.0,2325.0,0.0,2.0
Yanni Gourde,2021,TBL,C,56,17.0,19.0,1719.0,0.0,10.0
Steven Stamkos,2021,TBL,C,38,17.0,17.0,1717.0,0.0,4.0
Ondřej Palát,2021,TBL,LW,55,15.0,31.0,1531.0,0.0,1.0
Alex Killorn,2021,TBL,C,56,15.0,18.0,1518.0,0.0,-1.0
Mika Zibanejad,2021,NYR,C,56,24.0,26.0,2426.0,0.0,2.0
Pavel Buchnevich,2021,NYR,LW,54,20.0,28.0,2028.0,0.0,12.0
Chris Kreider,2021,NYR,LW,50,20.0,10.0,2010.0,0.0,-1.0
Artemi Panarin,2021,NYR,LW,42,17.0,41.0,1741.0,0.0,14.0
Ryan Strome,2021,NYR,C,56,14.0,35.0,1435.0,0.0,6.0
Alex DeBrincat,2021,CHI,RW,52,32.0,24.0,3224.0,0.0,3.0
Dominik Kubalík,2021,CHI,LW,56,17.0,21.0,1721.0,0.0,-3.0
Patrick Kane,2021,CHI,RW,56,15.0,51.0,1551.0,0.0,-7.0
Pius Suter,2021,CHI,F,55,14.0,13.0,1413.0,0.0,-5.0
Brandon Hagel,2021,CHI,LW,52,9.0,15.0,915.0,0.0,-7.0
Mikko Rantanen,2021,COL,RW,52,30.0,36.0,3036.0,0.0,30.0
Nathan MacKinnon,2021,COL,C,48,20.0,45.0,2045.0,0.0,22.0
Gabriel Landeskog,2021,COL,LW,54,20.0,32.0,2032.0,0.0,14.0
André Burakovsky,2021,COL,LW,53,19.0,25.0,1925.0,0.0,4.0
Joonas Donskoi,2021,COL,RW,51,17.0,14.0,1714.0,0.0,14.0
Joe Pavelski,2021,DAL,C,56,25.0,26.0,2526.0,0.0,22.0
Jason Robertson,2021,DAL,LW,51,17.0,28.0,1728.0,0.0,13.0
Roope Hintz,2021,DAL,LW,41,15.0,28.0,1528.0,0.0,13.0
Denis Gurianov,2021,DAL,RW,55,12.0,18.0,1218.0,0.0,0.0
Jamie Benn,2021,DAL,LW,52,11.0,24.0,1124.0,0.0,13.0
Anthony Mantha,2021,DET,RW,42,11.0,10.0,1110.0,0.0,-14.0
Dylan Larkin,2021,DET,C,44,9.0,14.0,914.0,0.0,-14.0
Filip Zadina,2021,DET,RW,49,6.0,13.0,613.0,0.0,-4.0
Filip Hronek,2021,DET,D,56,2.0,24.0,224.0,0.0,-18.0
Adam Erne,2021,DET,LW,45,11.0,9.0,119.0,0.0,-1.0
Phil Kessel,2021,ARI,RW,56,20.0,23.0,2023.0,0.0,-17.0
Jakob Chychrun,2021,ARI,D,56,18.0,23.0,1823.0,0.0,-6.0
Christian Dvorak,2021,ARI,C,56,17.0,14.0,1714.0,0.0,-11.0
Clayton Keller,2021,ARI,C,56,14.0,21.0,1421.0,0.0,-5.0
Conor Garland,2021,ARI,RW,49,12.0,27.0,1227.0,0.0,-3.0
Max Pacioretty,2021,VEG,LW,48,24.0,27.0,2427.0,0.0,20.0
Mark Stone,2021,VEG,RW,55,21.0,40.0,2140.0,0.0,26.0
Jonathan Marchessault,2021,VEG,C,55,18.0,26.0,1826.0,0.0,19.0
Alex Tuch,2021,VEG,RW,55,18.0,15.0,1815.0,0.0,16.0
William Karlsson,2021,VEG,C,56,14.0,25.0,1425.0,0.0,19.0
Tyler Bertuzzi,2020,DET,LW,71,21.0,27.0,2127.0,0.0,-23.0
Dylan Larkin,2020,DET,C,71,19.0,34.0,1934.0,0.0,-21.0
Anthony Mantha,2020,DET,RW,43,16.0,22.0,1622.0,0.0,-7.0
Robby Fabbri,2020,DET,C,52,14.0,17.0,1417.0,0.0,-29.0
Andreas Athanasiou,2020,DET,C,46,10.0,14.0,1014.0,0.0,-45.0
Auston Matthews,2020,TOR,C,70,47.0,33.0,4733.0,0.0,19.0
William Nylander,2020,TOR,C,68,31.0,28.0,3128.0,0.0,-2.0
John Tavares,2020,TOR,C,63,26.0,34.0,2634.0,0.0,-7.0
Zach Hyman,2020,TOR,C,51,21.0,16.0,2116.0,0.0,13.0
Mitch Marner,2020,TOR,RW,59,16.0,51.0,1651.0,0.0,6.0
Jean-Gabriel Pageau,2020,OTT,C,60,24.0,16.0,2416.0,0.0,10.0
Anthony Duclair,2020,OTT,LW,66,23.0,17.0,2317.0,0.0,-5.0
Brady Tkachuk,2020,OTT,LW,71,21.0,23.0,2123.0,0.0,-14.0
Connor Brown,2020,OTT,RW,71,16.0,27.0,1627.0,0.0,-6.0
Tyler Ennis,2020,OTT,C,61,14.0,19.0,1419.0,0.0,-5.0
Mike Hoffman,2020,FLA,C,69,29.0,30.0,2930.0,0.0,-5.0
Evgenii Dadonov,2020,FLA,RW,69,25.0,22.0,2522.0,0.0,-7.0
Jonathan Huberdeau,2020,FLA,LW,69,23.0,55.0,2355.0,0.0,5.0
Aleksander Barkov,2020,FLA,C,66,20.0,42.0,2042.0,0.0,2.0
Brett Connolly,2020,FLA,RW,69,19.0,14.0,1914.0,0.0,-3.0
Jean-Gabriel Pageau,2020,TOT,C,67,26.0,16.0,2616.0,0.0,4.0
Tyler Toffoli,2020,TOT,C,68,24.0,20.0,2420.0,0.0,-1.0
Blake Coleman,2020,TOT,C,66,21.0,11.0,2111.0,0.0,0.0
Jason Zucker,2020,TOT,LW,60,20.0,21.0,2021.0,0.0,-4.0
Vladislav Namestnikov,2020,TOT,C,65,17.0,14.0,1714.0,0.0,-5.0
Bryan Rust,2020,PIT,RW,55,27.0,29.0,2729.0,0.0,14.0
Evgeni Malkin,2020,PIT,C,55,25.0,49.0,2549.0,0.0,7.0
Jake Guentzel,2020,PIT,C,39,20.0,23.0,2023.0,0.0,11.0
Patric Hörnqvist,2020,PIT,RW,52,17.0,15.0,1715.0,0.0,9.0
Sidney Crosby,2020,PIT,C,41,16.0,31.0,1631.0,0.0,-8.0
Adam Henrique,2020,ANA,C,71,26.0,17.0,2617.0,0.0,-3.0
Jakob Silfverberg,2020,ANA,LW,66,21.0,18.0,2118.0,0.0,0.0
Rickard Rakell,2020,ANA,RW,65,15.0,27.0,1527.0,0.0,-5.0
Ryan Getzlaf,2020,ANA,C,69,13.0,29.0,1329.0,0.0,-16.0
Cam Fowler,2020,ANA,D,59,9.0,20.0,920.0,0.0,0.0
Sebastian Aho,2020,CAR,F,68,38.0,28.0,3828.0,0.0,10.0
Andrei Svechnikov,2020,CAR,RW,68,24.0,37.0,2437.0,0.0,9.0
Martin Nečas,2020,CAR,C,64,16.0,20.0,1620.0,0.0,-6.0
Teuvo Teräväinen,2020,CAR,F,68,15.0,48.0,1548.0,0.0,20.0
Dougie Hamilton,2020,CAR,D,47,14.0,26.0,1426.0,0.0,30.0
Tomáš Tatar,2020,MTL,C,68,22.0,39.0,2239.0,0.0,5.0
Brendan Gallagher,2020,MTL,RW,59,22.0,21.0,2221.0,0.0,9.0
Max Domi,2020,MTL,LW,71,17.0,27.0,1727.0,0.0,-3.0
Joel Armia,2020,MTL,RW,58,16.0,14.0,1614.0,0.0,2.0
Shea Weber*,2020,MTL,D,65,15.0,21.0,1521.0,0.0,8.0
Anže Kopitar,2020,LAK,C,70,21.0,41.0,2141.0,0.0,6.0
Tyler Toffoli,2020,LAK,C,58,18.0,16.0,1816.0,0.0,-4.0
Alex Iafallo,2020,LAK,C,70,17.0,26.0,1726.0,0.0,1.0
Dustin Brown,2020,LAK,RW,66,17.0,18.0,1718.0,0.0,-1.0
Jeff Carter,2020,LAK,C,60,17.0,10.0,1710.0,0.0,-21.0
Kyle Palmieri,2020,NJD,RW,65,25.0,20.0,2520.0,0.0,-4.0
Blake Coleman,2020,NJD,C,57,21.0,10.0,2110.0,0.0,-2.0
Jesper Bratt,2020,NJD,W,60,16.0,16.0,1616.0,0.0,-6.0
Nico Hischier,2020,NJD,C,58,14.0,22.0,1422.0,0.0,-16.0
Nikita Gusev,2020,NJD,LW,66,13.0,31.0,1331.0,0.0,-15.0
Oliver Bjorkstrand,2020,CBJ,RW,49,21.0,15.0,2115.0,0.0,8.0
Zach Werenski,2020,CBJ,D,63,20.0,21.0,2021.0,0.0,9.0
Pierre-Luc Dubois,2020,CBJ,LW,70,18.0,31.0,1831.0,0.0,-2.0
Gustav Nyquist,2020,CBJ,RW,70,15.0,27.0,1527.0,0.0,4.0
Cam Atkinson,2020,CBJ,RW,44,12.0,14.0,1214.0,0.0,2.0
Mika Zibanejad,2020,NYR,C,57,41.0,34.0,4134.0,0.0,9.0
Artemi Panarin,2020,NYR,LW,69,32.0,63.0,3263.0,0.0,36.0
Chris Kreider,2020,NYR,LW,63,24.0,21.0,2421.0,0.0,13.0
Ryan Strome,2020,NYR,C,70,18.0,41.0,1841.0,0.0,21.0
Pavel Buchnevich,2020,NYR,LW,68,16.0,30.0,1630.0,0.0,2.0
Elias Lindholm,2020,CGY,C,70,29.0,25.0,2925.0,0.0,-8.0
Matthew Tkachuk,2020,CGY,LW,69,23.0,38.0,2338.0,0.0,-5.0
Sean Monahan,2020,CGY,C,70,22.0,26.0,2226.0,0.0,-16.0
Johnny Gaudreau,2020,CGY,LW,70,18.0,40.0,1840.0,0.0,-10.0
Andrew Mangiapane,2020,CGY,LW,68,17.0,15.0,1715.0,0.0,4.0
Travis Konecny,2020,PHI,C,66,24.0,37.0,2437.0,0.0,-1.0
Kevin Hayes,2020,PHI,RW,69,23.0,18.0,2318.0,0.0,-6.0
Sean Couturier,2020,PHI,C,69,22.0,37.0,2237.0,0.0,21.0
Claude Giroux,2020,PHI,C,69,21.0,32.0,2132.0,0.0,7.0
James van Riemsdyk,2020,PHI,LW,66,19.0,21.0,1921.0,0.0,5.0
Kyle Connor,2020,WPG,LW,71,38.0,35.0,3835.0,0.0,4.0
Mark Scheifele,2020,WPG,C,71,29.0,44.0,2944.0,0.0,2.0
Patrik Laine,2020,WPG,RW,68,28.0,35.0,2835.0,0.0,8.0
Nikolaj Ehlers,2020,WPG,LW,71,25.0,33.0,2533.0,0.0,14.0
Blake Wheeler,2020,WPG,RW,71,22.0,43.0,2243.0,0.0,1.0
Leon Draisaitl,2020,EDM,C,71,43.0,67.0,4367.0,0.0,-7.0
Connor McDavid,2020,EDM,C,64,34.0,63.0,3463.0,0.0,-6.0
Ryan Nugent-Hopkins,2020,EDM,C,65,22.0,39.0,2239.0,0.0,1.0
James Neal,2020,EDM,LW,55,19.0,12.0,1912.0,0.0,-20.0
Zack Kassian,2020,EDM,RW,59,15.0,19.0,1519.0,0.0,0.0
Player,2020,Tm,Pos,GP,0.0,0.0,0.0,0.0,0.0
Player,2020,Tm,Pos,GP,0.0,0.0,0.0,0.0,0.0
Player,2020,Tm,Pos,GP,0.0,0.0,0.0,0.0,0.0
Player,2020,Tm,Pos,GP,0.0,0.0,0.0,0.0,0.0
Player,2020,Tm,Pos,GP,0.0,0.0,0.0,0.0,0.0
Filip Forsberg,2020,NSH,C,63,21.0,27.0,2127.0,0.0,-7.0
Nick Bonino,2020,NSH,C,67,18.0,17.0,1817.0,0.0,17.0
Craig Smith,2020,NSH,C,69,18.0,13.0,1813.0,0.0,18.0
Mikael Granlund,2020,NSH,C,63,17.0,13.0,1713.0,0.0,-4.0
Roman Josi,2020,NSH,D,69,16.0,49.0,1649.0,0.0,22.0
Jack Eichel,2020,BUF,C,68,36.0,42.0,3642.0,0.0,5.0
Sam Reinhart,2020,BUF,C,69,22.0,28.0,2228.0,0.0,-15.0
Victor Olofsson,2020,BUF,RW,54,20.0,22.0,2022.0,0.0,-1.0
Marcus Johansson,2020,BUF,C,60,9.0,21.0,921.0,0.0,-12.0
Jimmy Vesey,2020,BUF,LW,64,9.0,11.0,911.0,0.0,12.0
David Pastrňák,2020,BOS,RW,70,48.0,47.0,4847.0,0.0,21.0
Patrice Bergeron,2020,BOS,C,61,31.0,25.0,3125.0,0.0,23.0
Brad Marchand,2020,BOS,LW,70,28.0,59.0,2859.0,0.0,25.0
Jake DeBrusk,2020,BOS,LW,65,19.0,16.0,1916.0,0.0,-1.0
Charlie Coyle,2020,BOS,C,70,16.0,21.0,1621.0,0.0,9.0
Alex Ovechkin,2020,WSH,LW,68,48.0,19.0,4819.0,0.0,-12.0
T.J. Oshie,2020,WSH,C,69,26.0,23.0,2623.0,0.0,4.0
Jakub Vrána,2020,WSH,LW,69,25.0,27.0,2527.0,0.0,3.0
Tom Wilson,2020,WSH,RW,68,21.0,23.0,2123.0,0.0,-3.0
Evgeny Kuznetsov,2020,WSH,C,63,19.0,33.0,1933.0,0.0,-2.0
J.T. Miller,2020,VAN,C,69,27.0,45.0,2745.0,0.0,11.0
Elias Pettersson,2020,VAN,C,68,27.0,39.0,2739.0,0.0,16.0
Bo Horvat,2020,VAN,C,69,22.0,31.0,2231.0,0.0,-15.0
Tanner Pearson,2020,VAN,LW,69,21.0,24.0,2124.0,0.0,-4.0
Jake Virtanen,2020,VAN,RW,69,18.0,18.0,1818.0,0.0,-4.0
Brock Nelson,2020,NYI,C,68,26.0,28.0,2628.0,0.0,6.0
Anders Lee,2020,NYI,LW,68,20.0,23.0,2023.0,0.0,8.0
Mathew Barzal,2020,NYI,C,68,19.0,41.0,1941.0,0.0,5.0
Anthony Beauvillier,2020,NYI,LW,68,18.0,21.0,1821.0,0.0,-11.0
Jordan Eberle,2020,NYI,RW,58,16.0,24.0,1624.0,0.0,1.0
David Perron,2020,STL,LW,71,25.0,35.0,2535.0,0.0,2.0
Brayden Schenn,2020,STL,C,71,25.0,33.0,2533.0,0.0,3.0
Jaden Schwartz,2020,STL,C,71,22.0,35.0,2235.0,0.0,3.0
Alex Pietrangelo,2020,STL,D,70,16.0,36.0,1636.0,0.0,11.0
Zach Sanford,2020,STL,LW,58,16.0,14.0,1614.0,0.0,13.0
Nathan MacKinnon,2020,COL,C,69,35.0,58.0,3558.0,0.0,13.0
Gabriel Landeskog,2020,COL,LW,54,21.0,23.0,2123.0,0.0,-2.0
André Burakovsky,2020,COL,LW,58,20.0,25.0,2025.0,0.0,11.0
Mikko Rantanen,2020,COL,RW,42,19.0,22.0,1922.0,0.0,-2.0
Nazem Kadri,2020,COL,C,51,19.0,17.0,1917.0,0.0,7.0
Patrick Kane,2020,CHI,RW,70,33.0,51.0,3351.0,0.0,8.0
Dominik Kubalík,2020,CHI,LW,68,30.0,16.0,3016.0,0.0,2.0
Brandon Saad,2020,CHI,LW,58,21.0,12.0,2112.0,0.0,2.0
Jonathan Toews,2020,CHI,C,70,18.0,42.0,1842.0,0.0,-2.0
Alex DeBrincat,2020,CHI,RW,70,18.0,27.0,1827.0,0.0,-10.0
Jamie Benn,2020,DAL,LW,69,19.0,20.0,1920.0,0.0,-4.0
Roope Hintz,2020,DAL,LW,60,19.0,14.0,1914.0,0.0,3.0
Tyler Seguin,2020,DAL,C,69,17.0,33.0,1733.0,0.0,-2.0
Alexander Radulov,2020,DAL,RW,60,15.0,19.0,1519.0,0.0,8.0
Joe Pavelski,2020,DAL,C,67,14.0,17.0,1417.0,0.0,6.0
Evander Kane,2020,SJS,LW,64,26.0,21.0,2621.0,0.0,-12.0
Timo Meier,2020,SJS,RW,70,22.0,27.0,2227.0,0.0,-22.0
Logan Couture,2020,SJS,C,52,16.0,23.0,1623.0,0.0,0.0
Tomáš Hertl,2020,SJS,C,48,16.0,20.0,1620.0,0.0,-18.0
Kevin Labanc,2020,SJS,RW,70,14.0,19.0,1419.0,0.0,-33.0
Max Pacioretty,2020,VEG,LW,71,32.0,34.0,3234.0,0.0,18.0
Reilly Smith,2020,VEG,RW,71,27.0,27.0,2727.0,0.0,17.0
Jonathan Marchessault,2020,VEG,C,66,22.0,25.0,2225.0,0.0,6.0
Mark Stone,2020,VEG,RW,65,21.0,42.0,2142.0,0.0,15.0
Paul Stastny,2020,VEG,C,71,17.0,21.0,1721.0,0.0,6.0
Nikita Kucherov,2020,TBL,RW,68,33.0,52.0,3352.0,0.0,26.0
Steven Stamkos,2020,TBL,C,57,29.0,37.0,2937.0,0.0,14.0
Alex Killorn,2020,TBL,C,68,26.0,23.0,2623.0,0.0,19.0
Brayden Point,2020,TBL,C,66,25.0,39.0,2539.0,0.0,28.0
Ondřej Palát,2020,TBL,LW,69,17.0,24.0,1724.0,0.0,25.0
Zach Parise,2020,MIN,LW,69,25.0,21.0,2521.0,0.0,-11.0
Kevin Fiala,2020,MIN,LW,64,23.0,31.0,2331.0,0.0,-1.0
Eric Staal,2020,MIN,C,66,19.0,28.0,1928.0,0.0,-9.0
Mats Zuccarello,2020,MIN,LW,65,15.0,22.0,1522.0,0.0,-9.0
Luke Kunin,2020,MIN,C,63,15.0,16.0,1516.0,0.0,-10.0
Conor Garland,2020,ARI,RW,68,22.0,17.0,2217.0,0.0,1.0
Christian Dvorak,2020,ARI,C,70,18.0,20.0,1820.0,0.0,6.0
Clayton Keller,2020,ARI,C,70,17.0,27.0,1727.0,0.0,-6.0
Carl Söderberg,2020,ARI,C,70,17.0,18.0,1718.0,0.0,6.0
Lawson Crouse,2020,ARI,LW,66,15.0,10.0,1510.0,0.0,0.0
Dylan Larkin,2019,DET,C,76,32.0,41.0,3241.0,0.0,-6.0
Andreas Athanasiou,2019,DET,C,76,30.0,24.0,3024.0,0.0,-9.0
Anthony Mantha,2019,DET,RW,67,25.0,23.0,2523.0,0.0,-8.0
Tyler Bertuzzi,2019,DET,LW,73,21.0,26.0,2126.0,0.0,11.0
Gustav Nyquist,2019,DET,RW,62,16.0,33.0,1633.0,0.0,0.0
Mark Stone,2019,TOT,RW,77,33.0,40.0,3340.0,0.0,17.0
Matt Duchene,2019,TOT,C,73,31.0,39.0,3139.0,0.0,-3.0
Ryan Dzingel,2019,TOT,C,78,26.0,30.0,2630.0,0.0,-9.0
Nino Niederreiter,2019,TOT,RW,82,23.0,30.0,2330.0,0.0,-4.0
Gustav Nyquist,2019,TOT,RW,81,22.0,38.0,2238.0,0.0,1.0
Jakob Silfverberg,2019,ANA,LW,73,24.0,19.0,2419.0,0.0,-9.0
Rickard Rakell,2019,ANA,RW,69,18.0,25.0,1825.0,0.0,-13.0
Adam Henrique,2019,ANA,C,82,18.0,24.0,1824.0,0.0,-5.0
Ryan Getzlaf,2019,ANA,C,67,14.0,34.0,1434.0,0.0,-19.0
Nick Ritchie,2019,ANA,LW,60,9.0,22.0,922.0,0.0,6.0
Zach Parise,2019,MIN,LW,74,28.0,33.0,2833.0,0.0,-2.0
Eric Staal,2019,MIN,C,81,22.0,30.0,2230.0,0.0,-7.0
Jason Zucker,2019,MIN,LW,81,21.0,21.0,2121.0,0.0,-9.0
Mikael Granlund,2019,MIN,C,63,15.0,34.0,1534.0,0.0,-2.0
Jared Spurgeon,2019,MIN,D,82,14.0,29.0,1429.0,0.0,-1.0
Mark Stone,2019,OTT,RW,59,28.0,34.0,2834.0,0.0,13.0
Matt Duchene,2019,OTT,C,50,27.0,31.0,2731.0,0.0,-2.0
Brady Tkachuk,2019,OTT,LW,71,22.0,23.0,2223.0,0.0,-10.0
Ryan Dzingel,2019,OTT,C,57,22.0,22.0,2222.0,0.0,-13.0
Bobby Ryan,2019,OTT,LW,78,15.0,27.0,1527.0,0.0,-29.0
David Pastrňák,2019,BOS,RW,66,38.0,43.0,3843.0,0.0,6.0
Brad Marchand,2019,BOS,LW,79,36.0,64.0,3664.0,0.0,15.0
Patrice Bergeron,2019,BOS,C,65,32.0,47.0,3247.0,0.0,23.0
Jake DeBrusk,2019,BOS,LW,68,27.0,15.0,2715.0,0.0,2.0
David Krejčí,2019,BOS,C,81,20.0,53.0,2053.0,0.0,7.0
Brendan Gallagher,2019,MTL,RW,82,33.0,19.0,3319.0,0.0,10.0
Max Domi,2019,MTL,LW,82,28.0,44.0,2844.0,0.0,20.0
Tomáš Tatar,2019,MTL,C,80,25.0,33.0,2533.0,0.0,21.0
Andrew Shaw,2019,MTL,C,63,19.0,28.0,1928.0,0.0,17.0
Jonathan Drouin,2019,MTL,LW,81,18.0,35.0,1835.0,0.0,-8.0
Kyle Palmieri,2019,NJD,RW,74,27.0,23.0,2723.0,0.0,-9.0
Blake Coleman,2019,NJD,C,78,22.0,14.0,2214.0,0.0,-19.0
Travis Zajac,2019,NJD,C,80,19.0,27.0,1927.0,0.0,-25.0
Nico Hischier,2019,NJD,C,69,17.0,30.0,1730.0,0.0,0.0
Pavel Zacha,2019,NJD,C,61,13.0,12.0,1312.0,0.0,-6.0
Nathan MacKinnon,2019,COL,C,82,41.0,58.0,4158.0,0.0,20.0
Gabriel Landeskog,2019,COL,LW,73,34.0,41.0,3441.0,0.0,17.0
Mikko Rantanen,2019,COL,RW,74,31.0,56.0,3156.0,0.0,13.0
Carl Söderberg,2019,COL,C,82,23.0,26.0,2326.0,0.0,-5.0
J.T. Compher,2019,COL,LW,66,16.0,16.0,1616.0,0.0,-8.0
Sebastian Aho,2019,CAR,C,82,30.0,53.0,3053.0,0.0,25.0
Justin Williams,2019,CAR,RW,82,23.0,30.0,2330.0,0.0,-4.0
Teuvo Teräväinen,2019,CAR,LW,82,21.0,55.0,2155.0,0.0,30.0
Andrei Svechnikov,2019,CAR,RW,82,20.0,17.0,2017.0,0.0,0.0
Dougie Hamilton,2019,CAR,D,82,18.0,21.0,1821.0,0.0,0.0
Anže Kopitar,2019,LAK,C,81,22.0,38.0,2238.0,0.0,-20.0
Dustin Brown,2019,LAK,RW,72,22.0,29.0,2229.0,0.0,-17.0
Ilya Kovalchuk,2019,LAK,LW,64,16.0,18.0,1618.0,0.0,-26.0
Alex Iafallo,2019,LAK,C,82,15.0,18.0,1518.0,0.0,-17.0
Tyler Toffoli,2019,LAK,C,82,13.0,21.0,1321.0,0.0,-16.0
Cam Atkinson,2019,CBJ,RW,80,41.0,28.0,4128.0,0.0,3.0
Artemi Panarin,2019,CBJ,LW,79,28.0,59.0,2859.0,0.0,14.0
Pierre-Luc Dubois,2019,CBJ,LW,82,27.0,34.0,2734.0,0.0,16.0
Josh Anderson,2019,CBJ,RW,82,27.0,20.0,2720.0,0.0,25.0
Oliver Bjorkstrand,2019,CBJ,RW,77,23.0,13.0,2313.0,0.0,8.0
Mika Zibanejad,2019,NYR,C,82,30.0,44.0,3044.0,0.0,-12.0
Chris Kreider,2019,NYR,C,79,28.0,24.0,2824.0,0.0,4.0
Pavel Buchnevich,2019,NYR,LW,64,21.0,17.0,2117.0,0.0,-10.0
Ryan Strome,2019,NYR,C,63,18.0,15.0,1815.0,0.0,-2.0
Jimmy Vesey,2019,NYR,LW,81,17.0,18.0,1718.0,0.0,-6.0
Johnny Gaudreau,2019,CGY,LW,82,36.0,63.0,3663.0,0.0,18.0
Sean Monahan,2019,CGY,C,78,34.0,48.0,3448.0,0.0,7.0
Matthew Tkachuk,2019,CGY,LW,80,34.0,43.0,3443.0,0.0,14.0
Elias Lindholm,2019,CGY,C,81,27.0,51.0,2751.0,0.0,30.0
Mikael Backlund,2019,CGY,C,77,21.0,26.0,2126.0,0.0,34.0
Patrick Kane,2019,CHI,RW,81,44.0,66.0,4466.0,0.0,2.0
Alex DeBrincat,2019,CHI,RW,82,41.0,35.0,4135.0,0.0,0.0
Jonathan Toews,2019,CHI,C,82,35.0,46.0,3546.0,0.0,2.0
Brandon Saad,2019,CHI,LW,80,23.0,24.0,2324.0,0.0,-9.0
Erik Gustafsson,2019,CHI,D,79,17.0,43.0,1743.0,0.0,-6.0
Mark Scheifele,2019,WPG,C,82,38.0,46.0,3846.0,0.0,8.0
Kyle Connor,2019,WPG,LW,82,34.0,32.0,3432.0,0.0,-7.0
Patrik Laine,2019,WPG,RW,82,30.0,20.0,3020.0,0.0,-24.0
Nikolaj Ehlers,2019,WPG,LW,62,21.0,16.0,2116.0,0.0,2.0
Blake Wheeler,2019,WPG,RW,82,20.0,71.0,2071.0,0.0,0.0
Elias Pettersson,2019,VAN,C,71,28.0,38.0,2838.0,0.0,3.0
Bo Horvat,2019,VAN,C,82,27.0,34.0,2734.0,0.0,-4.0
Brock Boeser,2019,VAN,RW,69,26.0,30.0,2630.0,0.0,-2.0
Jake Virtanen,2019,VAN,RW,70,15.0,10.0,1510.0,0.0,-4.0
Markus Granlund,2019,VAN,C,77,12.0,10.0,1210.0,0.0,-4.0
Alex Galchenyuk,2019,ARI,C,72,19.0,22.0,1922.0,0.0,-19.0
Vinnie Hinostroza,2019,ARI,C,72,16.0,23.0,1623.0,0.0,-4.0
Derek Stepan,2019,ARI,C,72,15.0,20.0,1520.0,0.0,-2.0
Clayton Keller,2019,ARI,C,82,14.0,33.0,1433.0,0.0,-21.0
Oliver Ekman-Larsson,2019,ARI,D,81,14.0,30.0,1430.0,0.0,-16.0
Player,2019,Tm,Pos,GP,0.0,0.0,0.0,0.0,0.0
Player,2019,Tm,Pos,GP,0.0,0.0,0.0,0.0,0.0
Player,2019,Tm,Pos,GP,0.0,0.0,0.0,0.0,0.0
Player,2019,Tm,Pos,GP,0.0,0.0,0.0,0.0,0.0
Player,2019,Tm,Pos,GP,0.0,0.0,0.0,0.0,0.0
Viktor Arvidsson,2019,NSH,LW,58,34.0,14.0,3414.0,0.0,12.0
Filip Forsberg,2019,NSH,C,64,28.0,22.0,2822.0,0.0,8.0
Craig Smith,2019,NSH,C,76,21.0,17.0,2117.0,0.0,11.0
Nick Bonino,2019,NSH,C,81,17.0,18.0,1718.0,0.0,27.0
Roman Josi,2019,NSH,D,82,15.0,41.0,1541.0,0.0,9.0
Jake Guentzel,2019,PIT,C,82,40.0,36.0,4036.0,0.0,13.0
Sidney Crosby,2019,PIT,C,79,35.0,65.0,3565.0,0.0,18.0
Phil Kessel,2019,PIT,RW,82,27.0,55.0,2755.0,0.0,-19.0
Evgeni Malkin,2019,PIT,C,68,21.0,51.0,2151.0,0.0,-25.0
Patric Hörnqvist,2019,PIT,RW,69,18.0,19.0,1819.0,0.0,-3.0
Sean Couturier,2019,PHI,C,80,33.0,43.0,3343.0,0.0,2.0
James van Riemsdyk,2019,PHI,LW,66,27.0,21.0,2721.0,0.0,-10.0
Travis Konecny,2019,PHI,C,82,24.0,25.0,2425.0,0.0,-4.0
Claude Giroux,2019,PHI,LW,82,22.0,63.0,2263.0,0.0,9.0
Jakub Voráček,2019,PHI,RW,78,20.0,46.0,2046.0,0.0,-16.0
Alex Ovechkin,2019,WSH,LW,81,51.0,38.0,5138.0,0.0,7.0
T.J. Oshie,2019,WSH,C,69,25.0,29.0,2529.0,0.0,5.0
Jakub Vrána,2019,WSH,LW,82,24.0,23.0,2423.0,0.0,20.0
Nicklas Bäckström,2019,WSH,C,80,22.0,52.0,2252.0,0.0,2.0
Brett Connolly,2019,WSH,RW,81,22.0,24.0,2224.0,0.0,13.0
Anders Lee,2019,NYI,LW,82,28.0,23.0,2823.0,0.0,20.0
Brock Nelson,2019,NYI,C,82,25.0,28.0,2528.0,0.0,20.0
Casey Cizikas,2019,NYI,C,73,20.0,13.0,2013.0,0.0,22.0
Jordan Eberle,2019,NYI,RW,78,19.0,18.0,1918.0,0.0,-6.0
Mathew Barzal,2019,NYI,C,82,18.0,44.0,1844.0,0.0,-5.0
Vladimir Tarasenko,2019,STL,RW,76,33.0,35.0,3335.0,0.0,8.0
Ryan O'Reilly,2019,STL,C,82,28.0,49.0,2849.0,0.0,22.0
David Perron,2019,STL,LW,57,23.0,23.0,2323.0,0.0,3.0
Brayden Schenn,2019,STL,C,72,17.0,37.0,1737.0,0.0,3.0
Oskar Sundqvist,2019,STL,C,74,14.0,17.0,1417.0,0.0,-1.0
Mike Hoffman,2019,FLA,C,82,36.0,34.0,3634.0,0.0,-24.0
Aleksander Barkov,2019,FLA,C,82,35.0,61.0,3561.0,0.0,-3.0
Jonathan Huberdeau,2019,FLA,C,82,30.0,62.0,3062.0,0.0,-14.0
Evgenii Dadonov,2019,FLA,RW,82,28.0,42.0,2842.0,0.0,-6.0
Frank Vatrano,2019,FLA,LW,81,24.0,15.0,2415.0,0.0,-10.0
Tyler Seguin,2019,DAL,C,82,33.0,47.0,3347.0,0.0,17.0
Alexander Radulov,2019,DAL,RW,70,29.0,43.0,2943.0,0.0,22.0
Jamie Benn,2019,DAL,LW,78,27.0,26.0,2726.0,0.0,14.0
Radek Faksa,2019,DAL,C,81,15.0,15.0,1515.0,0.0,-3.0
Miro Heiskanen,2019,DAL,D,82,12.0,21.0,1221.0,0.0,-14.0
Jeff Skinner,2019,BUF,C,82,40.0,23.0,4023.0,0.0,0.0
Jack Eichel,2019,BUF,C,77,28.0,54.0,2854.0,0.0,-11.0
Sam Reinhart,2019,BUF,C,82,22.0,43.0,2243.0,0.0,-10.0
Jason Pominville,2019,BUF,RW,73,16.0,15.0,1615.0,0.0,-4.0
Conor Sheary,2019,BUF,LW,78,14.0,20.0,1420.0,0.0,-18.0
Jonathan Marchessault,2019,VEG,C,82,25.0,34.0,2534.0,0.0,2.0
William Karlsson,2019,VEG,C,82,24.0,32.0,2432.0,0.0,1.0
Cody Eakin,2019,VEG,C,78,22.0,19.0,2219.0,0.0,19.0
Max Pacioretty,2019,VEG,LW,66,22.0,18.0,2218.0,0.0,-13.0
Alex Tuch,2019,VEG,RW,74,20.0,32.0,2032.0,0.0,13.0
Leon Draisaitl,2019,EDM,C,82,50.0,55.0,5055.0,0.0,2.0
Connor McDavid,2019,EDM,C,78,41.0,75.0,4175.0,0.0,3.0
Ryan Nugent-Hopkins,2019,EDM,C,82,28.0,41.0,2841.0,0.0,-13.0
Alex Chiasson,2019,EDM,RW,73,22.0,16.0,2216.0,0.0,-1.0
Zack Kassian,2019,EDM,RW,79,15.0,11.0,1511.0,0.0,-6.0
Joe Pavelski,2019,SJS,C,75,38.0,26.0,3826.0,0.0,-4.0
Tomáš Hertl,2019,SJS,C,77,35.0,39.0,3539.0,0.0,5.0
Timo Meier,2019,SJS,RW,78,30.0,36.0,3036.0,0.0,9.0
Evander Kane,2019,SJS,LW,75,30.0,26.0,3026.0,0.0,-4.0
Logan Couture,2019,SJS,C,81,27.0,43.0,2743.0,0.0,-6.0
John Tavares,2019,TOR,C,82,47.0,41.0,4741.0,0.0,19.0
Auston Matthews,2019,TOR,C,68,37.0,36.0,3736.0,0.0,-9.0
Mitch Marner,2019,TOR,RW,82,26.0,68.0,2668.0,0.0,22.0
Zach Hyman,2019,TOR,C,71,21.0,20.0,2120.0,0.0,16.0
Morgan Rielly,2019,TOR,D,82,20.0,52.0,2052.0,0.0,24.0
Steven Stamkos,2019,TBL,C,82,45.0,53.0,4553.0,0.0,4.0
Nikita Kucherov,2019,TBL,RW,82,41.0,87.0,4187.0,0.0,24.0
Brayden Point,2019,TBL,C,79,41.0,51.0,4151.0,0.0,27.0
Tyler Johnson,2019,TBL,C,80,29.0,18.0,2918.0,0.0,15.0
Yanni Gourde,2019,TBL,C,80,22.0,26.0,2226.0,0.0,9.0
Anthony Mantha,2018,DET,RW,80,24.0,24.0,2424.0,0.0,-1.0
Gustav Nyquist,2018,DET,RW,82,21.0,19.0,2119.0,0.0,-2.0
Dylan Larkin,2018,DET,C,82,16.0,47.0,1647.0,0.0,-9.0
Frans Nielsen,2018,DET,C,79,16.0,17.0,1617.0,0.0,1.0
Andreas Athanasiou,2018,DET,C,71,16.0,17.0,1617.0,0.0,-15.0
Evander Kane,2018,TOT,LW,78,29.0,25.0,2925.0,0.0,-9.0
Matt Duchene,2018,TOT,C,82,27.0,32.0,2732.0,0.0,-22.0
Thomas Vanek,2018,TOT,LW,80,24.0,32.0,2432.0,0.0,-3.0
Adam Henrique,2018,TOT,C,81,24.0,26.0,2426.0,0.0,11.0
J.T. Miller,2018,TOT,C,82,23.0,35.0,2335.0,0.0,-4.0
Viktor Arvidsson,2018,NSH,LW,78,29.0,32.0,2932.0,0.0,20.0
Filip Forsberg,2018,NSH,C,67,26.0,38.0,2638.0,0.0,27.0
Craig Smith,2018,NSH,C,79,25.0,26.0,2526.0,0.0,20.0
Kevin Fiala,2018,NSH,LW,80,23.0,25.0,2325.0,0.0,20.0
P.K. Subban,2018,NSH,D,82,16.0,43.0,1643.0,0.0,18.0
Connor McDavid,2018,EDM,C,82,41.0,67.0,4167.0,0.0,20.0
Leon Draisaitl,2018,EDM,C,78,25.0,45.0,2545.0,0.0,-7.0
Ryan Nugent-Hopkins,2018,EDM,C,62,24.0,24.0,2424.0,0.0,10.0
Pat Maroon,2018,EDM,LW,57,14.0,16.0,1416.0,0.0,5.0
Ryan Strome,2018,EDM,C,82,13.0,21.0,1321.0,0.0,-4.0
David Pastrňák,2018,BOS,RW,82,35.0,45.0,3545.0,0.0,10.0
Brad Marchand,2018,BOS,LW,68,34.0,51.0,3451.0,0.0,25.0
Patrice Bergeron,2018,BOS,C,64,30.0,33.0,3033.0,0.0,21.0
David Krejčí,2018,BOS,C,64,17.0,27.0,1727.0,0.0,10.0
Danton Heinen,2018,BOS,C,77,16.0,31.0,1631.0,0.0,10.0
Sebastian Aho,2018,CAR,RW,78,29.0,36.0,2936.0,0.0,4.0
Jeff Skinner,2018,CAR,C,82,24.0,25.0,2425.0,0.0,-27.0
Teuvo Teräväinen,2018,CAR,C,82,23.0,41.0,2341.0,0.0,8.0
Jordan Staal,2018,CAR,C,79,19.0,27.0,1927.0,0.0,-4.0
Justin Williams,2018,CAR,RW,82,16.0,35.0,1635.0,0.0,-9.0
Anders Lee,2018,NYI,LW,82,40.0,22.0,4022.0,0.0,-25.0
John Tavares,2018,NYI,C,82,37.0,47.0,3747.0,0.0,-12.0
Jordan Eberle,2018,NYI,RW,81,25.0,34.0,2534.0,0.0,5.0
Mathew Barzal,2018,NYI,C,82,22.0,63.0,2263.0,0.0,1.0
Anthony Beauvillier,2018,NYI,LW,71,21.0,15.0,2115.0,0.0,2.0
Claude Giroux,2018,PHI,LW,82,34.0,68.0,3468.0,0.0,28.0
Sean Couturier,2018,PHI,C,82,31.0,45.0,3145.0,0.0,34.0
Travis Konecny,2018,PHI,C,81,24.0,23.0,2423.0,0.0,17.0
Wayne Simmonds,2018,PHI,RW,75,24.0,22.0,2422.0,0.0,-16.0
Jakub Voráček,2018,PHI,RW,82,20.0,65.0,2065.0,0.0,10.0
Nathan MacKinnon,2018,COL,C,74,39.0,58.0,3958.0,0.0,11.0
Mikko Rantanen,2018,COL,RW,81,29.0,55.0,2955.0,0.0,0.0
Gabriel Landeskog,2018,COL,LW,78,25.0,37.0,2537.0,0.0,16.0
Alexander Kerfoot,2018,COL,C,79,19.0,24.0,1924.0,0.0,-7.0
Carl Söderberg,2018,COL,C,77,16.0,21.0,1621.0,0.0,0.0
Brendan Gallagher,2018,MTL,RW,82,31.0,23.0,3123.0,0.0,-13.0
Paul Byron,2018,MTL,C,82,20.0,15.0,2015.0,0.0,-4.0
Alex Galchenyuk,2018,MTL,C,82,19.0,32.0,1932.0,0.0,-31.0
Max Pacioretty,2018,MTL,LW,64,17.0,20.0,1720.0,0.0,-16.0
Jonathan Drouin,2018,MTL,LW,77,13.0,33.0,1333.0,0.0,-28.0
Anže Kopitar,2018,LAK,C,82,35.0,57.0,3557.0,0.0,21.0
Dustin Brown,2018,LAK,RW,81,28.0,33.0,2833.0,0.0,31.0
Tyler Toffoli,2018,LAK,C,82,24.0,23.0,2423.0,0.0,9.0
Adrian Kempe,2018,LAK,LW,81,16.0,21.0,1621.0,0.0,11.0
Tanner Pearson,2018,LAK,LW,82,15.0,25.0,1525.0,0.0,11.0
Artemi Panarin,2018,CBJ,LW,81,27.0,55.0,2755.0,0.0,23.0
Cam Atkinson,2018,CBJ,RW,65,24.0,22.0,2422.0,0.0,19.0
Pierre-Luc Dubois,2018,CBJ,LW,82,20.0,28.0,2028.0,0.0,8.0
Josh Anderson,2018,CBJ,RW,63,19.0,11.0,1911.0,0.0,-1.0
Seth Jones,2018,CBJ,D,78,16.0,41.0,1641.0,0.0,10.0
Mika Zibanejad,2018,NYR,C,72,27.0,20.0,2720.0,0.0,-23.0
Kevin Hayes,2018,NYR,RW,76,25.0,19.0,2519.0,0.0,1.0
Rick Nash,2018,NYR,LW,60,18.0,10.0,1810.0,0.0,-8.0
Jimmy Vesey,2018,NYR,LW,79,17.0,11.0,1711.0,0.0,-18.0
Mats Zuccarello,2018,NYR,LW,80,16.0,37.0,1637.0,0.0,-10.0
Sean Monahan,2018,CGY,C,74,31.0,33.0,3133.0,0.0,3.0
Johnny Gaudreau,2018,CGY,LW,80,24.0,60.0,2460.0,0.0,2.0
Matthew Tkachuk,2018,CGY,LW,68,24.0,25.0,2425.0,0.0,-1.0
Micheal Ferland,2018,CGY,LW,77,21.0,20.0,2120.0,0.0,5.0
Dougie Hamilton,2018,CGY,D,82,17.0,27.0,1727.0,0.0,1.0
Alex DeBrincat,2018,CHI,RW,82,28.0,24.0,2824.0,0.0,6.0
Patrick Kane,2018,CHI,RW,82,27.0,49.0,2749.0,0.0,-20.0
Nick Schmaltz,2018,CHI,C,78,21.0,31.0,2131.0,0.0,1.0
Jonathan Toews,2018,CHI,C,74,20.0,32.0,2032.0,0.0,-1.0
Artem Anisimov,2018,CHI,C,72,20.0,11.0,2011.0,0.0,-17.0
Jack Eichel,2018,BUF,C,67,25.0,39.0,2539.0,0.0,-25.0
Sam Reinhart,2018,BUF,C,82,25.0,25.0,2525.0,0.0,-24.0
Ryan O'Reilly,2018,BUF,C,81,24.0,37.0,2437.0,0.0,-23.0
Evander Kane,2018,BUF,LW,61,20.0,20.0,2020.0,0.0,-14.0
Jason Pominville,2018,BUF,RW,82,16.0,18.0,1618.0,0.0,-17.0
Brock Boeser,2018,VAN,RW,62,29.0,26.0,2926.0,0.0,-5.0
Daniel Sedin*,2018,VAN,LW,81,23.0,32.0,2332.0,0.0,-21.0
Bo Horvat,2018,VAN,C,64,22.0,22.0,2222.0,0.0,-1.0
Thomas Vanek,2018,VAN,LW,61,17.0,24.0,1724.0,0.0,-12.0
Sven Baertschi,2018,VAN,LW,53,14.0,15.0,1415.0,0.0,3.0
Clayton Keller,2018,ARI,C,82,23.0,42.0,2342.0,0.0,-7.0
Brendan Perlini,2018,ARI,LW,74,17.0,13.0,1713.0,0.0,-2.0
Christian Dvorak,2018,ARI,C,78,15.0,22.0,1522.0,0.0,-19.0
Christian Fischer,2018,ARI,RW,79,15.0,18.0,1518.0,0.0,-17.0
Derek Stepan,2018,ARI,C,82,14.0,42.0,1442.0,0.0,-7.0
Evgeni Malkin,2018,PIT,C,78,42.0,56.0,4256.0,0.0,16.0
Phil Kessel,2018,PIT,RW,82,34.0,58.0,3458.0,0.0,-4.0
Sidney Crosby,2018,PIT,C,82,29.0,60.0,2960.0,0.0,0.0
Patric Hörnqvist,2018,PIT,RW,70,29.0,20.0,2920.0,0.0,2.0
Jake Guentzel,2018,PIT,C,82,22.0,26.0,2226.0,0.0,-9.0
Patrik Laine,2018,WPG,RW,82,44.0,26.0,4426.0,0.0,8.0
Kyle Connor,2018,WPG,LW,76,31.0,26.0,3126.0,0.0,8.0
Nikolaj Ehlers,2018,WPG,LW,82,29.0,31.0,2931.0,0.0,14.0
Blake Wheeler,2018,WPG,RW,81,23.0,68.0,2368.0,0.0,13.0
Mark Scheifele,2018,WPG,C,60,23.0,37.0,2337.0,0.0,19.0
Player,2018,Tm,Pos,GP,0.0,0.0,0.0,0.0,0.0
Player,2018,Tm,Pos,GP,0.0,0.0,0.0,0.0,0.0
Player,2018,Tm,Pos,GP,0.0,0.0,0.0,0.0,0.0
Player,2018,Tm,Pos,GP,0.0,0.0,0.0,0.0,0.0
Player,2018,Tm,Pos,GP,0.0,0.0,0.0,0.0,0.0
Alex Ovechkin,2018,WSH,LW,82,49.0,38.0,4938.0,0.0,3.0
Evgeny Kuznetsov,2018,WSH,C,79,27.0,56.0,2756.0,0.0,3.0
Nicklas Bäckström,2018,WSH,C,81,21.0,50.0,2150.0,0.0,5.0
T.J. Oshie,2018,WSH,C,74,18.0,29.0,1829.0,0.0,2.0
Lars Eller,2018,WSH,C,81,18.0,20.0,1820.0,0.0,-6.0
Vincent Trocheck,2018,FLA,C,82,31.0,44.0,3144.0,0.0,-9.0
Evgenii Dadonov,2018,FLA,RW,74,28.0,37.0,2837.0,0.0,10.0
Aleksander Barkov,2018,FLA,C,79,27.0,51.0,2751.0,0.0,9.0
Jonathan Huberdeau,2018,FLA,C,82,27.0,42.0,2742.0,0.0,-2.0
Nick Bjugstad,2018,FLA,C,82,19.0,30.0,1930.0,0.0,5.0
Vladimir Tarasenko,2018,STL,RW,80,33.0,33.0,3333.0,0.0,15.0
Brayden Schenn,2018,STL,C,82,28.0,42.0,2842.0,0.0,10.0
Jaden Schwartz,2018,STL,C,62,24.0,35.0,2435.0,0.0,15.0
Alex Pietrangelo,2018,STL,D,78,15.0,39.0,1539.0,0.0,8.0
Alexander Steen,2018,STL,C,76,15.0,31.0,1531.0,0.0,-11.0
Rickard Rakell,2018,ANA,RW,77,34.0,35.0,3435.0,0.0,6.0
Ondřej Kaše,2018,ANA,RW,66,20.0,18.0,2018.0,0.0,18.0
Adam Henrique,2018,ANA,C,57,20.0,16.0,2016.0,0.0,17.0
Corey Perry,2018,ANA,RW,71,17.0,32.0,1732.0,0.0,-4.0
Jakob Silfverberg,2018,ANA,LW,77,17.0,23.0,1723.0,0.0,6.0
William Karlsson,2018,VEG,C,82,43.0,35.0,4335.0,0.0,49.0
Erik Haula,2018,VEG,LW,76,29.0,26.0,2926.0,0.0,-16.0
Jonathan Marchessault,2018,VEG,C,77,27.0,48.0,2748.0,0.0,36.0
James Neal,2018,VEG,LW,71,25.0,19.0,2519.0,0.0,-11.0
Reilly Smith,2018,VEG,RW,67,22.0,38.0,2238.0,0.0,31.0
Eric Staal,2018,MIN,C,82,42.0,34.0,4234.0,0.0,8.0
Jason Zucker,2018,MIN,LW,82,33.0,31.0,3331.0,0.0,8.0
Mikael Granlund,2018,MIN,C,77,21.0,46.0,2146.0,0.0,13.0
Nino Niederreiter,2018,MIN,RW,63,18.0,14.0,1814.0,0.0,14.0
Mathew Dumba,2018,MIN,D,82,14.0,36.0,1436.0,0.0,15.0
Tyler Seguin,2018,DAL,C,82,40.0,38.0,4038.0,0.0,12.0
Jamie Benn,2018,DAL,LW,82,36.0,43.0,3643.0,0.0,20.0
Alexander Radulov,2018,DAL,RW,82,27.0,45.0,2745.0,0.0,4.0
Mattias Janmark,2018,DAL,C,81,19.0,15.0,1915.0,0.0,-13.0
Radek Faksa,2018,DAL,C,79,17.0,16.0,1716.0,0.0,21.0
Matt Duchene,2018,OTT,C,68,23.0,26.0,2326.0,0.0,-23.0
Ryan Dzingel,2018,OTT,C,79,23.0,18.0,2318.0,0.0,-17.0
Mike Hoffman,2018,OTT,C,82,22.0,34.0,2234.0,0.0,-20.0
Mark Stone,2018,OTT,RW,58,20.0,42.0,2042.0,0.0,9.0
Derick Brassard,2018,OTT,C,58,18.0,20.0,1820.0,0.0,-1.0
James van Riemsdyk,2018,TOR,LW,81,36.0,18.0,3618.0,0.0,1.0
Auston Matthews,2018,TOR,C,62,34.0,29.0,3429.0,0.0,25.0
Nazem Kadri,2018,TOR,C,80,32.0,23.0,3223.0,0.0,2.0
Patrick Marleau,2018,TOR,C,82,27.0,20.0,2720.0,0.0,1.0
Mitch Marner,2018,TOR,C,82,22.0,47.0,2247.0,0.0,-1.0
Nikita Kucherov,2018,TBL,RW,80,39.0,61.0,3961.0,0.0,15.0
Brayden Point,2018,TBL,C,82,32.0,34.0,3234.0,0.0,18.0
Steven Stamkos,2018,TBL,C,78,27.0,59.0,2759.0,0.0,18.0
Yanni Gourde,2018,TBL,C,82,25.0,39.0,2539.0,0.0,34.0
Tyler Johnson,2018,TBL,C,81,21.0,29.0,2129.0,0.0,3.0
Taylor Hall,2018,NJD,LW,76,39.0,54.0,3954.0,0.0,14.0
Kyle Palmieri,2018,NJD,RW,62,24.0,20.0,2420.0,0.0,-1.0
Nico Hischier,2018,NJD,C,82,20.0,32.0,2032.0,0.0,10.0
Miles Wood,2018,NJD,LW,76,19.0,13.0,1913.0,0.0,-6.0
Jesper Bratt,2018,NJD,W,74,13.0,22.0,1322.0,0.0,-16.0
Logan Couture,2018,SJS,C,78,34.0,27.0,3427.0,0.0,-2.0
Joe Pavelski,2018,SJS,C,82,22.0,44.0,2244.0,0.0,0.0
Tomáš Hertl,2018,SJS,C,79,22.0,24.0,2224.0,0.0,-2.0
Timo Meier,2018,SJS,RW,81,21.0,15.0,2115.0,0.0,2.0
Chris Tierney,2018,SJS,C,82,17.0,23.0,1723.0,0.0,0.0
